COMPANY_SK,COMPANY_NAME,COMPANY_NORM,INDUSTRY,IS_RECRUITMENT_AGENCY
d30c7d0a2302b1b33d08e3ed6ed40446,Workhint,workhint,Computer Software,FALSE
7868026332fc05ac2c2f22b5ef480b91,"ForceShield, Inc.",forceshield,,FALSE
422f3f03b16e7312b4ec40ed1f995db1,Prime Gate,prime gate,,FALSE
a30e44047bce443acfc32c4531793263,BBI,bbi,,FALSE
650390fe7a8ef19008cc00d1e46fc224,Amazon Business,amazon business,,FALSE
d52ad56dc86060fe7d2e7346640edbd4,Rotana Hotels,rotana hotels,,FALSE
47b1239c7b13b4ad4e6ed21157b28031,Amazon Web Services (AWS),amazon web services aws,,FALSE
470f67373b5114503481913df3d90eda,Bain & Company,bain,,FALSE
08cd54412ac0ec78b4a928e486ef9e20,Ecolab,ecolab,,FALSE
1699ba6e313fc67524c7648e72250579,Caliberly,caliberly,,FALSE
b3b0e8552654d5fbde05a65480e5696d,Faraj Transport & General Services,faraj transport general services,,FALSE
0487b9dcc393c9a5ed1986aeaa289d5a,Alfanar,alfanar,,FALSE
1870a39e1960622f6813ad8c762f4813,Strike IT Recruitment Services,strike it recruitment services,,TRUE
a8ff6c9514c35c853b350382534fb624,Salesforce,salesforce,,FALSE
86e1719920fb72e97ce224a08dad7314,RedCloud,redcloud,,FALSE
5d557ecad2a7c2a0c8be1ab2ea3e73d6,Wellbees,wellbees,,FALSE
9f80bc7475ca09294179adbdc813fa55,Millennium Hotels and Resorts MEA,millennium hotels and resorts mea,,FALSE
5f3a1017e449bedde0a1abbe7b68f321,Salem Babtain Office,salem babtain office,,FALSE
6d8568448aa4f30a657bc68f18794219,Democrance,democrance,,FALSE
8dd95691bde72e888c3c0a56e9dcc2b4,Mosaic.tech,mosaic tech,,FALSE
d92a353787b4068bba618010225bc5b0,Valmet Flow Control,valmet flow control,,FALSE
c4b53192fd44b19dcdd612b270f3c296,Mercor,mercor,,TRUE
373ebf271a2269d233afe97dcde85bac,MASQ World,masq world,,FALSE
a163bea6c82ffccb67a194f3d5db5488,Sgr Sa,sgr sa,,FALSE
7c6059f0982ffefe0a02f15784d5107e,Infinniti,infinniti,,FALSE
db528c8594058342829ef90857188d11,ALTAWKILAT,altawkilat,,FALSE
63ce5df4a6b95d049b47c7d6b67e7c4b,Visa,visa,,FALSE
5dabf73ee9f34f1248e93a75bd99c93c,IDP Education,idp education,,FALSE
fe6253d6ff46a576d08b80035acd1508,Webhosting,webhosting,,FALSE
6bc5d7b6a8fcbadb8709008a12a5cb08,Kintec Recruitment,kintec recruitment,,TRUE
9558174b1e24ee16528a6c497add4620,StarFoam,starfoam,,FALSE
4e1a818a8304b5d6f1d96af011264351,Al-Khedr Automotive,al khedr automotive,,FALSE
d4871511e9fa36b36bc8a2cf410a224f,Tashweesh Agency,tashweesh agency,,FALSE
629641617f684a1e9199963c90b8ab26,Trispec Design & Build,trispec design build,,FALSE
301d540140910bac15eefdbce221557a,RLDatix,rldatix,,FALSE
124923cf08555725b6564912513720d9,DP World,dp world,,FALSE
6a68e618dbaede0f20acdb5d5a49a758,Teltonika Ltd.,teltonika,,FALSE
0e6692d38cc30028b2f6320716be3713,Cundall,cundall,,FALSE
fe5c77455c7b05e07432a132b72f4eb7,DWP IT Arabia,dwp it arabia,,FALSE
1928461fe9ba0154a9519e82522d32f0,Dozan,dozan,,FALSE
46a99ec67e4da2b57a4ea725f43c166f,Alghad college For Applied Medical Sciences,alghad college for applied medical sciences,,FALSE
ebf5623873b5d5b3915132358abda786,Align Technology,align technology,,FALSE
33cba6c0fc4046404dacb4dd70cd19fc,Seesaw,seesaw,,FALSE
029c23901d886358d75f0f4002590f29,Nutrili Supplements Trading LLC,nutrili supplements trading,,FALSE
51d7952a11186947c94749c4b88b7921,Met T&S Ltd.,met t s,,FALSE
091fb15339cf9482f637a43a1f3182b4,Misk Foundation,misk foundation,,FALSE
a5958df402c969d1eda5b4d08ca3acbf,Cartier,cartier,,FALSE
873a56c9e8f50e947f07fef8985d9185,EagleBurgmann,eagleburgmann,,FALSE
4a3e9327a453c886317d9ccd9cc0c204,Subsea 7,subsea 7,,FALSE
e25409bc727101771da1c3f536d0f1d0,Elegancia Arabia,elegancia arabia,,FALSE
ab1d4e8da79ecbb21db82f9b538ec6be,duruper,duruper,,FALSE
d5a1883d1019dbeb4db73a7696ca8f77,Amlak,amlak,,FALSE
381f2d57a0f5bc21b68454455bf9f8b0,Hotpack Global,hotpack global,,FALSE
36143bc34e3a68d4a1813177911de876,Systems Arabia,systems arabia,,FALSE
119f2c6f7d491d755c944a41356dd9db,Expeditors,expeditors,,FALSE
cfb336fd52e2ef213338707664cfb8b0,Zofeur,zofeur,,FALSE
4f8837297020f8ce8cb6fcb725a8bf5a,EPSA Group,epsa,,FALSE
b62368341459065b5873976da0eb19a0,Maysanalwaqud Company,maysanalwaqud,,FALSE
841b7fd3e04789ce0e40889e267168c0,MBR Recruitment,mbr recruitment,,TRUE
a5d88877c47c2500e8ff071e40b1123d,Manpower Solutions,manpower solutions,,TRUE
d59934a25238109208b3f0e45dff1bbf,Worldteachers,worldteachers,,TRUE
efbeadeaee3243095451c03c03e15ecd,Expertise Recruitment,expertise recruitment,,TRUE
6c8670b4731ae09bbdbf9d1d797730ac,Cohesity,cohesity,,FALSE
858c60820d05f0b8d8bf696df46e5bd3,Azeus Systems Limited,azeus systems,,FALSE
2fbd0213b20011a33d8c54fcd88f6474,Walter P Moore,walter p moore,,FALSE
4feae074daee3bb59491fe68e6c802b9,TELUS Digital AI Data Solutions,telus digital ai data solutions,,FALSE
7a558bad4a6a4e85b6aadc356b2e32dc,EngineeringUK,engineeringuk,,FALSE
3d464cc1a6da11ad417ee1191e4324ed,Cipla,cipla,,FALSE
ab5363a0b78a67e74f07b6d1e24c4f07,Frasers Group plc,frasers,,FALSE
e887c3891d9242c72268b2fcf50ba69f,"Schweitzer Engineering Laboratories, Inc.",schweitzer engineering laboratories,,FALSE
144d564c2e48dbe234f2bcf5ee9e553f,Alfanar Projects,alfanar projects,,FALSE
8077ee4f4c933e7b9623dca2b5bcc25c,Gulf Medical Complex,gulf medical complex,,FALSE
6b7078114adea4d329ac7cebc18b4675,JD Logistic Services Company,jd logistic services,,FALSE
a8d2d0dcb1c46a04edd9422690d3e2b2,Devoteam Middle East,devoteam middle east,,FALSE
5b706093b9d50ab6797185ac17674599,Stllr Network,stllr network,,FALSE
e7b0e2bb16f49439f459ba899e3023a5,The Opportunity Hub UK,opportunity hub uk,,FALSE
3c07da46b5c6dab0d96f4647811dd488,ALPLA,alpla,,FALSE
b5bf27b2555de44e3df2230080db5a1d,SJ Group,sj,,FALSE
dea47414c779a9e8d55678fe23f0b99e,UNHCR (United Nations High Commissioner for Refugees),unhcr united nations high commissioner for refugees,,FALSE
b0c90584f3758896c8d76a9bc349ad12,CSI Global,csi global,,FALSE
13f27b1072bbf7719d0d267b083ff91c,Abacus,abacus,,FALSE
29b06e19960f8d2b4421ea7984f17099,GulfPost,gulfpost,,FALSE
40def2daaa4be76b363de490a82e512a,Med Volve Company,med volve,,FALSE
ea9827e9ad232af00af77b2375693568,Safira,safira,,FALSE
bcfb232aef11711089970318f8c4a84e,Oveeq Technologies,oveeq technologies,,FALSE
9f69c121f6bdc341d70bd391e9c0011e,Glow Beauty On Demand,glow beauty on demand,,FALSE
f7a884160eb38da3fab0e7435d268986,KBox Global,kbox global,,FALSE
6dcb6dfd5ae9933f788ed13d084cc604,Odfjell Technology,odfjell technology,,FALSE
2ff3e4ef883ecf9e9f0f7e7c41a06707,Olayan Group,olayan,,FALSE
01261b8321bb448a35188d9c10d4f4f5,MOBCO Group,mobco,,FALSE
3ef11beee2457f95c5e2eb0bbb2330cb,Sprinklr,sprinklr,,FALSE
520a10bdc12a2d0370d5d8c8bd7dba43,Mandarin Oriental Hotel Group,mandarin oriental hotel,,FALSE
4259191e0c7e3ac7fe4207511b8a94e0,Secure Line,secure line,,FALSE
639ec1dbbebe4e968b8261f7d050376a,Dallah Albaraka,dallah albaraka,,FALSE
6a929eb28829f9d20757bef99f7503a6,Monglish International Academy,monglish international academy,,FALSE
d45ec3c4af38967de454f9e45bb1cef4,Carrier,carrier,,FALSE
dbaabb11019fcb9c1918a0ddc2250df1,MSC Mediterranean Shipping Company SA,msc mediterranean shipping sa,,FALSE
0029b30e2ac872f39bff4ede8233689c,Extendad,extendad,,FALSE
98defd6ee70dfb1dea416cecdf391f58,SITE,site,,FALSE
42375e361e5a29cf55f1f1d336aa7bcd,Crown Arabia Can Company,crown arabia can,,FALSE
365d9b6db856fe1c60286d643aaace72,Arrow Food Group,arrow food,,FALSE
f5ad59c5401fea3f2df0703d958fdc97,Crc,crc,,FALSE
d47fedd78fbb9500fee8b2efd200dcd1,Internetwork Expert,internetwork expert,,FALSE
113ffbb012dafc9db8a08f2a5c40cd83,360 Solutions,360 solutions,,FALSE
0437d04396413bc66bee0fb3fe553685,Hunter Amenities International Ltd.,hunter amenities international,,FALSE
f00bbb7747929fafa9d1afd071dba78e,Converge,converge,,FALSE
4045dc4b183f160fadd0af78a0aa8afd,Protag,protag,,FALSE
a3266441ba91aaccb68707a13b3ffe33,Silver Edge Arabia,silver edge arabia,,FALSE
b7ab47481e7f0c28a2884464f0304407,Fastfit Ems,fastfit ems,,FALSE
e3a2dc07fd4cccba1e328aaaee7c3bfb,Alsayegh Worldwide,alsayegh worldwide,,FALSE
81cb5094fc31f55780ea16fe97b4172b,SARx Exchange,sarx exchange,,FALSE
2017e98f95819ef08c1609daaaf3d9d6,Workinvirtual,workinvirtual,,FALSE
b5d63635159071e83028f0b6a1fb82a0,CXG,cxg,,FALSE
d5116b077812161836292f4ab5897bcb,Al Reyada Integrated IT,al reyada integrated it,,FALSE
97e32a574aa9ef24f76a81fc43aba6ce,EDITION,edition,,FALSE
4318120b220c1cd7fad44838ab26164a,John Crane,john crane,,FALSE
1a4b8102d90edb050bae2ac19feebcf2,Tarabut Gateway,tarabut gateway,,FALSE
8bf7ec6cf81b5bfb88f5f556c622463d,Saudi Geophysical Consulting Office,saudi geophysical consulting office,,FALSE
fecaf86ce6764e2e1637639158f4159a,Rawabi for Smart Services and Devices,rawabi for smart services and devices,,FALSE
d18928fabad59ca8760b9b81dae6a71c,Dragos,dragos,,FALSE
8c303f13884bd78bded678749455eff3,Idaratech,idaratech,,FALSE
abb0d83d748800af25e07678881b5a9e,Armacell,armacell,,FALSE
8c128b55b36eba94410186bdc3268da6,flynas,flynas,,FALSE
8a30d24f059c3104d4e79c1d4e039997,Wantmore,wantmore,,FALSE
1a1e02c02ee737b95e448a94c84c23ed,Haier,haier,,FALSE
09db27e798c28a5b93a7586f411ba6ec,TechBiz Global,techbiz global,,TRUE
d0006c3822a1b7f42628265eb613d915,Sulzer Saudi Pump Company,sulzer saudi pump,,FALSE
c53504885e14d2bbd4148d7d5e86f7f5,Sentara Health,sentara health,,FALSE
cec192fe500c51527e2ec4b5a518b9c3,Tarmeez Capital,tarmeez capital,,FALSE
0da4cf5db09344f0e9a9a96bf01c6aba,Etmam Logistics,etmam logistics,,FALSE
e84271cee0041f4d15ea622427ab76af,ERC International,erc international,,TRUE
54c9285b943a2e901b1fbc7e08563a1d,Weatherford,weatherford,,FALSE
ef1d0e18fe8c63a173103a0486d43def,Kempinski Hotels,kempinski hotels,,FALSE
72c73ae14de53081179743c1c4a39972,IDSCCC,idsccc,,FALSE
d1947c7bc5a3356582dd786d813b8e8f,Duru Cooperation,duru cooperation,,TRUE
c4952f62b1cf4f7c31ea09b45352e5ec,Supermicro,supermicro,,FALSE
0a89834320f05536388a150b5792f218,YO IT Consulting,yo it consulting,,TRUE
ff8c204d2b62b9b38215082941bc6ee0,Innovaccer Inc,innovaccer,,FALSE
5e8a1211466773d45324923a38352097,Premium Food Company Ltd.,premium food,,FALSE
ead8042e5d1c25d04b06273d23c97256,Shipa,shipa,,FALSE
bcb1fb1438864636f2df97b57b96be1d,Weglehner Ges.m.b.H.,weglehner ges m b h,,FALSE
04b0c45cc5cb7e724351b5969f08626a,COFE App,cofe app,,FALSE
3d463877a964d2964fbba26acaf27f6f,Plaza Premium Group,plaza premium,,FALSE
9c30a6ef62c3b39dec8866fab35549a4,TotalTECH Corporation,totaltech,,FALSE
823f1614613d35fc927db13af9811122,Hirestar Job Bank,hirestar job bank,,TRUE
735b2ade84749df16442ee1fafc29037,TWWStudios,twwstudios,,FALSE
11ce21ff2d9d7c4701da0f5cb0ef0e52,Moody's,moody s,,FALSE
8fdb22a5dfce2d0a23d23d43778048ab,Incorta,incorta,,FALSE
9618290115325ca224dddf7360c6c31b,Stranger Soccer,stranger soccer,,FALSE
198c7a2c3f8b6c632888f671900f4e0c,Altivate,altivate,,FALSE
6ce207e8f7bc1afc40ba5e1d8a181478,Managed,managed,,FALSE
2d2080bc0949a89cadb26ee5da5d92a6,Saudi Emar,saudi emar,,FALSE
d74defead7c07c0e1bd35a15c430b518,Chevron Phillips Chemical Company,chevron phillips chemical,,FALSE
b5690c585f0ee10d53bb0e62bfdc3e0c,CHAMP Cargosystems S.A.,champ cargosystems s a,,FALSE
74bfd9ef311ff42cca44edfb24c3fced,ROSEN,rosen,,FALSE
6aa15c808c05fbf8f2c82dfb218ac9ac,ibis,ibis,,FALSE
70009f5d5be59e659b67164d06195a12,Mada Properties,mada properties,,FALSE
084b6674fdd4df349f452b477304f165,Dentsu Inc,dentsu,,FALSE
db8c1c9001f8be79c74df45aba2f781b,Al Rugaib Furniture Company,al rugaib furniture,,FALSE
a14e609f90380972b805b061b6bcd287,SBP GmbH,sbp gmbh,,FALSE
16dad297e28818234fc545059f84c503,dmg events,dmg events,,FALSE
e13813edf0064acf4e6fc0712a6dd14f,Fadda General Contracting Company,fadda general contracting,,FALSE
225e8a3fe20e95f6cd9b9e10bfe5eb69,ADC,adc,,FALSE
34cd082871525ac5feab5568bac6e715,STRAGO,strago,,FALSE
6b7fda97a41b9456dc796ef9b9cd0201,Mott MacDonald,mott macdonald,,FALSE
c9d0834dbe95f321b4698cef81fc68af,Delta International PK,delta international pk,,FALSE
702e91c8527877115be2db1b7d0d1fa3,AFRY,afry,,FALSE
8c9c093d8c0d3d0317f4f1c13bb71d94,Medicta,medicta,,FALSE
a56f1e1c7d91dda7297365aa0b6f4ed5,BasharSoft,basharsoft,,FALSE
67dd8e52269beb477e551aa3ba6a17b8,CSI Engineering,csi engineering,,FALSE
261f6f452d27b7acc61cc8f0a15b31ef,Kinetic Business Solutions,kinetic business solutions,,FALSE
0cb8c73f65297cc107627b13b26208ab,"Structural Group, Inc.",structural,,FALSE
dddb7060e5f23a9d4c7544cb06702b25,The Professionals,professionals,,FALSE
5a541a9389009600f3d5f6ac7155cf93,EcoFarm Solutions,ecofarm solutions,,FALSE
7a7137f36a4230d08c111c8fd1097e91,The First Autism Association,first autism association,,FALSE
b80f84f04052fccf4284bf0ad8991ce6,Chalhoub Group,chalhoub,,FALSE
62ada9e8dd2ea53d015828a094db2ed2,Doroob HR Consulting and Recruitment,doroob hr consulting and recruitment,,TRUE
3091256886fe4cc3ef13efa6cb49afef,Dubizzle Group,dubizzle,,FALSE
bceb82c3df232f7085d37dc563a655c2,HalalaH,halalah,,FALSE
a46719f81ff58165a039eddd983999ac,Dar Al Hekma Hospital,dar al hekma hospital,,FALSE
de44b29ec0ab20b9b19c98547facd093,Asteri Beauty,asteri beauty,,FALSE
f145fb8a0d4fc8ab9c8627d322f076bc,Robinson & Co (Singapore) Pte Ltd,robinson singapore pte,,FALSE
e649687cc12effaa28091a9939233b53,Key Talent Solutions,key talent solutions,,TRUE
f2089e07346f296bc4aa63e2f4c6b6cf,TalenAxis Arabia Company,talenaxis arabia,,FALSE
3b7abd2ab8b7494189af9bf0d217f813,LocalizationJobs,localizationjobs,,TRUE
afab3f55fb2a2ffd588d4390e9359188,NextWave Publications,nextwave publications,,FALSE
a29952e04ac9d7bbe816e7db30bfbd72,GymNation,gymnation,,FALSE
0e4db1f257f14d319d027b9b18a58d66,Alcon MX,alcon mx,,FALSE
decec68c368c79206efb7f27851bf671,Dutco Tennant Llc,dutco tennant,,FALSE
3189f4b482a3caf81113d485acb93ce6,Elora Al Arabia Trading,elora al arabia trading,,FALSE
3343e380a747e051b41f01f3cfd5ec9f,Diaar Real Estate,diaar real estate,,FALSE
314c4dc1ad113e12189097baaa6f5806,techgenies,techgenies,,FALSE
9427ecbcf8376eebff9a6728714d305d,Mohammed Abdulrahman Farhat Contracting,mohammed abdulrahman farhat contracting,,FALSE
93b0fa44981118e4272842a51a3a6fe8,Puratos,puratos,,FALSE
075a3e36a0a52dcbc568c05788e8a713,Medium,medium,,FALSE
fd69ffb454be89f70a9cc482b663525d,Agility Ventures,agility ventures,,FALSE
6842d10368d66d625febe9ee5b98d530,RRecruiter,rrecruiter,,TRUE
7bb94b5c2c65d5bdb7793c81b34dcb16,One Click,one click,,FALSE
13a0799fce09df0b8b2fdca24b81c1dc,Hydril Pressure Controlling Arabia,hydril pressure controlling arabia,,FALSE
b2c03103db67a65967db9dbb7b64e293,Alkaffary Group,alkaffary,,FALSE
288077f055be4fadc3804a69422dd4f8,ARIS company,aris,,FALSE
461bf683b53412b8e31e0a08d6a89cff,Aitomic Jobs,aitomic,,TRUE
f2e39cd5e9e472507a2ff13a5014c18b,BRAVO Genset,bravo genset,,FALSE
2aeeee06f7618bfd5feb69eee5c34c73,Innovative Solutions,innovative solutions,,FALSE
1e8bf191463e69115ff3924f97837e56,Protiviti Middle East Member Firm,protiviti middle east member firm,,FALSE
c629631daeb5adaa4ec8b76429dfe884,Project One & Co.,project one,,FALSE
3660188d380995cac91b633fb57bdf39,Egis,egis,,FALSE
2eea85ba21faa273c3f204e967a96f27,Castolin Eutectic,castolin eutectic,,FALSE
5e007f84d834868a01eeb9eb89c7be89,InterContinental Hotels Group,intercontinental hotels,,FALSE
b96080db2cc0e4e79b2e96d4c634edeb,Idemia,idemia,,FALSE
dba89f11c65b1f1ad9bf02dd824786a6,Aroma Easy Shopping,aroma easy shopping,,FALSE
f7edc78bc083d1c0afa8c5521977aaf9,Points Information Technology,points information technology,,FALSE
342a722c49bad06521a93eba833e1643,Jotun,jotun,,FALSE
ea268da58a26706cca01f50d703017ea,pladis Foods Limited,pladis foods,,FALSE
6638070bc99321b316adbd95e6951f5b,Canon,canon,,FALSE
017af061ecd22b213edd6f00c6e162b8,Danube Properties,danube properties,,FALSE
a717e13e51686f4a0868a3f4fed35e32,"Honeywell International, Inc.",honeywell international,,FALSE
efaa9c621aae74454180a2c213c2d319,Arkad Engineering & Construction Company,arkad engineering construction,,FALSE
28786b274fb5274aeee560cfa6ca55d0,MSD Malaysia,msd malaysia,,FALSE
7dc854297c7ba653c72ea8f296fc5bbb,Merck Sharp & Dohme Corp,merck sharp dohme,,FALSE
8e3bd22eefc3febfe450448631be1c1d,Al-Dawaa Pharmacies,al dawaa pharmacies,,FALSE
53221f1c782665789cc91092cb04f27d,The Total Office,total office,,FALSE
5f1216cf2bd259b59abe5ddcbd4509e8,Cyberknight,cyberknight,,FALSE
10863147ef9f2389e4a8607c4f794f9a,Canasa,canasa,,FALSE
4318a896b3cc72680d9dddc418cc7fd1,Omrania,omrania,,FALSE
a029fdb9fef3b221508a9d0c953ea7a3,Gathern,gathern,,FALSE
ba824464585560ff7864675b932bcd01,BRDigitech WLL,brdigitech wll,,FALSE
d27149a5deb6bbc4de953c6e72b85420,Salla,salla,Information Technology and Services,FALSE
ddce3d9f2f4e4da62de4e8c30c5e0c1c,EICO,eico,Construction,FALSE
b1bc6a0ccbb9de5d716c756204d8dd04,Qiddiya Investment Company,qiddiya investment,Real Estate,FALSE
3899dcbab79f92af727c2190bbd8abc5,Ninja,ninja,Retail,FALSE
dc2906f9e3d86c276de7db4f23a4fff6,Nextracker,nextracker,,FALSE
fd50cf239015f361c39a33f06bef0a14,DTEX Systems,dtex systems,,FALSE
eac24d47bcc7303aec3131d1628d0597,BDI Saudi,bdi saudi,,FALSE
c9495df393c60caa1c4f4ffc26f884c2,"Vectrus, Inc",vectrus,,FALSE
d8b15dfe47ca79d7a601f4834391395c,Hitachi Energy,hitachi energy,,FALSE
b134491f554428de26fcbcdcd41cef8f,SiFi,sifi,,FALSE
9ca8ee2fe342ec0079442ffa039bf8ce,Fit Staff Recruitment Agency,fit staff recruitment agency,,TRUE
5264ebec8d68293ad19ea7addcf988dc,Sheraton Hotels & Resorts,sheraton hotels resorts,,FALSE
da7be9dbd1352d5e5a0c4018f2bb01fe,SARC CO.,sarc,,FALSE
ff34f234f11a77f774f4444f588fb936,PeopleStrong,peoplestrong,,FALSE
85d9663cd18a4ef7a3dbaee54df86ae2,Marcomarabia,marcomarabia,,FALSE
d97c11b7ed89aa1e18d97862d566c0c4,Keka Technologies Private Limited,keka technologies private,,FALSE
aa4b06f4ca05f7698dc583ba93b78767,AMICO Group,amico,,FALSE
80e59547885e2eb826dead0a91596a9e,Fairmont,fairmont,,FALSE
b52a8479754d75bc2500fd46fc79fb47,Decima International,decima international,,FALSE
0a4ee08bd020e0eb29036db0d9beeafc,"Al Gosaibi Services Co., Ltd",al gosaibi services,,FALSE
28de9fb4e55ad647e677eb2ad44aec36,Ethra Human Resources,ethra human resources,,TRUE
762618f02276391dfdc26da5143efada,Saudi Diesel Equipment Company,saudi diesel equipment,,FALSE
10d85665ce56484fab4d28a787d9d5d8,Atain,atain,,FALSE
0685e2d3946c3590edbe0a6715dc8ad5,BRKZ,brkz,,FALSE
ae9e75439ddea67b41ddd385d7007cb3,El Seif,el seif,,FALSE
fb111b2277120aa45d782d86f25b7973,Reckitt,reckitt,,FALSE
72ebd6f164b90629726feb1ccc76a31b,Publicis Groupe,publicis groupe,,FALSE
4f8fbb9f30c202be858c1773bd330e60,Kyra,kyra,,FALSE
6b89391566085b1f52b20c89c5e67d0b,Salasel,salasel,,FALSE
46f1e2d56523e4f8fe607f0972cc3c26,Your ITeams Sp. z o.o.,your iteams sp z o o,,FALSE
9d1b4fb5cd8e02497841147cd502c715,Fairygodboss,fairygodboss,,TRUE
0e0fedd5c22c088c99925df9711235d8,Shift4,shift4,,FALSE
b69ee633727a30ffc827d5f30327454d,NADEC,nadec,,FALSE
d3511737c3980fd2bdd472c2e08cdebe,Saudi Aramco,saudi aramco,,FALSE
e6ba8fb4ae08707591a798e53c72ae7d,Job Leader,job leader,,TRUE
59a98359503184d9c6088872969e59d0,Al Kather Building,al kather building,,FALSE
e229ccd2a9b5a9797f2b9b12da0fe87a,Alkhorayef Industries Company,alkhorayef industries,,FALSE
6aefad7d11f3a1ba14f6a8d16025cd04,SABIS KSA,sabis,,FALSE
3841a5071459b0d8d1afd3c15c8babea,Jensen Hughes,jensen hughes,,FALSE
827647652d2b48972b11b69b8b3f0aa8,Career Group Companies,career companies,,TRUE
513868a1ab92de4c34d68013d59603fa,Samir Group,samir,,FALSE
5685cc38e73ab2425ea2134293288f12,National Association of Women in Construction,national association of women in construction,,FALSE
b1ad6e4f25fa632d5376cee5e743543e,Supertech Group,supertech,,FALSE
ca626a337b2c51fec60961baab19ef43,Al-Ghomlas Trading Company,al ghomlas trading,,FALSE
88d9e8cf85885da8be58bf558af790ed,SPIMACO,spimaco,,FALSE
b8132f05894602bb17a81dbbd5d8d592,Siemens Energy,siemens energy,,FALSE
064fd8d74217676248d5e7d6b09c1f09,WorkerEra,workerera,,TRUE
54b3ddfdee973f61dd83ab08c1afce39,Boud,boud,,FALSE
6e50d1715f30e385d00ec9aa6d443dd3,JobTailor,jobtailor,,TRUE
06a20eba55e812fe504216243ee4f70b,Ryoof Oti,ryoof oti,,FALSE
db3f480c17c5a9398f220932833c2b25,Compunet Connections,compunet connections,,FALSE
cee1cba23585189d6a623abf21e98889,Kayishha.com,kayishha com,,FALSE
151112920856d3b979655e4b67be17c5,IDOM,idom,,FALSE
f41a1e99462ea238ec736a0302f95c74,Alfa Laval,alfa laval,,FALSE
ddbe18f9e817f99576a6b19f4ef7ea11,Amplitude,amplitude,,FALSE
236769e264fbcad5c1af6e837c89b484,OSUS,osus,,FALSE
9f74a802947996db436f3870f01d47c3,Madar Logistics Platform,madar logistics platform,,FALSE
46c904c469bb61e29e4b8a619b52229a,VitalAire Canada Inc.,vitalaire canada,,FALSE
c9beacb6d707e14fddcd09b1f39fa0a9,micro1,micro1,,TRUE
7aa8b53c92e3c34815caf7e8d5ad0b01,Technology Workforce Solutions (TWS),technology workforce solutions tws,,FALSE
5fcfa7c7043e79501d1088307c03c7a6,Savills Middle East,savills middle east,,FALSE
6c7d0b0857b474f06d345aeb445411eb,Raffles,raffles,,FALSE
377ebb20e71574f31143013649f3833c,Yokogawa Electric Corporation,yokogawa electric,,FALSE
d28fb991e7d04b5bda1304d2d6eb5010,Riyadh Air,riyadh air,,FALSE
15f9976d7df15fca7a3b8409cd6fd195,Apex Group,apex,,FALSE
2806e983447617c401ca2fd66877ff7d,Black Pearl Consult,black pearl consult,,TRUE
4961022e4ad033c8cc23860f4e15d5e1,Kaizen Firm,kaizen firm,,TRUE
1b87ca0fecfc40d13c0ce66d765fd289,Tamimi commercial,tamimi commercial,,FALSE
22213c395b9ac8253dd859648f85e5dd,Mace,mace,,FALSE
ddb751213270f34402002e3a43f049b4,POSH Fleet Services Pte Ltd,posh fleet services pte,,FALSE
e8b7aee8c9518ca64392bdb14e0f7b5a,Ebbot,ebbot,,FALSE
2212370ae1c1b7998eb7ddc28fbaf0e8,FNS Najd Sports Company,fns najd sports,,FALSE
88361a4d0eaa0577215df396f237d407,Azdah,azdah,,FALSE
c765bfd90b9ce815d6d4419d5f856763,Abonar Group,abonar,,FALSE
6b828a58278e28b9e18a8c0896f158e5,Watania Solutions Co.,watania solutions,,FALSE
145c2eb7d0d709644a641bab73bafc1e,Shifra,shifra,,FALSE
de6474771b37171b150ca386b79756b3,Albawani,albawani,,FALSE
ea4652a50b8c0037193c38cce73bd353,Inbound Educator,inbound educator,,FALSE
01c6ff3d1df89bacb6b5a5f1dc94299e,SamaWave Solutions,samawave solutions,,FALSE
17caff0d76774e2a6ab3e922e9e7ccd4,Mudiad Meithrin,mudiad meithrin,,FALSE
98067f6ef011742b15e6058ebdd61627,Trendyol,trendyol,,FALSE
e9d52502c0f777b988dc485a3c829d38,Sarj,sarj,,FALSE
3f2d22ded748e9e329126a623f65d565,Cognita Asia Holdings Pte Ltd,cognita asia holdings pte,,FALSE
59ec6c8d534a3886a974bf4982a112a0,Seder Group (SG),seder sg,,FALSE
77539a26fb5c4d0af80d43a295bb6053,SLS,sls,,FALSE
8e0766a77a93b74b25176f9c13bb700a,Mindrift,mindrift,,FALSE
dffdff99751d82fa3cd9a510b9447337,Takein,takein,,FALSE
5250374c669649ba96f84c9db4d5a685,Doka GmbH,doka gmbh,,FALSE
72aae47df19ab4330bdb83110094ebab,GDI,gdi,,FALSE
ca0c26565c1dff29039dd3a288d91b98,FieldCore,fieldcore,,FALSE
14d55a39c9504c8ca7598a4253b95a9d,Novotel,novotel,,FALSE
cb08b6b5b2da3f641a04cd7df52c1a3b,C-Serv,c serv,,FALSE
39acd084f1cf41727f606573ccb30d4c,International Hospitals Recruitment,international hospitals recruitment,,TRUE
ca2c62701e349d762687f732c3e86a39,Dell Technologies,dell technologies,,FALSE
1c94b25b1814f503c67f617b0b4c5c74,Johnson & Johnson MedTech,johnson johnson medtech,,FALSE
57f8927c6e4ec6a333a413b8f1c067d0,Hill International,hill international,,FALSE
0272d0049395da2d631ae9bc69cd6d8c,VITAL Agro industries,vital agro industries,,FALSE
8634eb77385598de67bb3e33bd2c459d,Majid Al Futtaim,majid al futtaim,,FALSE
28320524953be5d3391e5635cadd29b4,Proven Arabia,proven arabia,,FALSE
998eba51ea9c5a804f9147b8f3a591d4,Aggreko,aggreko,,FALSE
723aabf81cbbdb53c841543289c3a967,5Y Technology LTD,5y technology,,FALSE
2eb262e57f4a54eb83b021b1c58f2640,INTECH Process Automation,intech process automation,,FALSE
a917fdff4a1b430e2049d2b0f8b5cb23,Credx,credx,,FALSE
a6a859a5aaf4e4cf587ed6e3351dbf19,Cenomi Retail,cenomi retail,,FALSE
e854c3ce2df259869d0edc072833793c,Virtucruit,virtucruit,,TRUE
e876f3bc25ec61937eada3847365a5fa,Green Recruitment Company,green recruitment,,TRUE
7e2c6a106976405ba66db48692416fcf,Jameson Legal,jameson legal,,TRUE
c1fda2c3565916f948fd89dde32889a9,Lucid Motors,lucid motors,,FALSE
f03194e2140292a2d218efa14bedca0e,ABIS,abis,,FALSE
fc9d29882d22841f617cd68973b18206,Alpaca,alpaca,,FALSE
e35dc1d989d3109dfad9017f51b8126d,SpeedLine Logistics UAE,speedline logistics uae,,FALSE
9050da66eec550faf947c18f87d7136a,ABANA Enterprises Group Co.,abana enterprises,,FALSE
b215d5757841acb51cf65c18c003c112,AECOM,aecom,,FALSE
8b9c3ac9673c162fe2a23dbf743e5acd,CoorB,coorb,,FALSE
9bf5a29a18d4e6b989aab060b0cb3475,Asas General Contracting Company,asas general contracting,,FALSE
da67e11805f3a7cad142f97d7095a5c2,Four Seasons Hotels & Resorts,four seasons hotels resorts,,FALSE
a8edc36e82f3c84d56a9d1cec00d9658,Cross-Cultural Training,cross cultural training,,FALSE
44755dbd50dcfa5d246ba00f6612dc97,Organisation of Islamic Cooperation,organisation of islamic cooperation,,FALSE
5931d7e8af333f9baac6bca4b88e6402,HelperPlace,helperplace,,TRUE
17fcbb73112136b3ade64643290dd425,Abroad Work,abroad work,,FALSE
9c6fea1b39ba2c88633ea817a8f36166,Al Daham,al daham,,FALSE
d2f69355d3cd41ba90ecf8b21b93b301,Al Balad Development Company,al balad development,,FALSE
06e640993aebf5bdd54c6cc8bedb3285,MIS Tracking,mis tracking,,FALSE
4723013439a401633544688321b6d04b,Falcon Multi Services,falcon multi services,,FALSE
fa9bc6313dcebc16019ab4bc4bc27aac,Alsadara,alsadara,,FALSE
913f7cd19063b9fc9a74ae9c2d61650d,Dirah Development,dirah development,,FALSE
2916b1ac5a750af6d89c43cb026a13aa,Asmacs-Qatar,asmacs qatar,,FALSE
45f3d539cf82b69bcf628937f468f9b1,Armored Vehicles & Heavy Equipment Factory,armored vehicles heavy equipment factory,,FALSE
1c61e5e6040f5b0171867161e09c8e58,Keyrus Group,keyrus,,FALSE
3f49204efe41e9a4f7f34c46ad203f93,Ramz United,ramz united,,FALSE
ddc46ac748dddc9cad9d6152963d2bcf,AVEVA Denmark,aveva denmark,,FALSE
43d4811ca9b096ca100e91baca91f354,Sigma Paints,sigma paints,,FALSE
60836a7c46192199fbf6cbcb2ef78a65,AZM Talent,azm talent,,FALSE
0e428581671d767f2a4ac5e8eb89f475,TK Elevator,tk elevator,,FALSE
f92f8eb205b140a21f1c0b6b0cb322fc,BeWunder,bewunder,,FALSE
b8755503db7128bb92032226e5553944,Prince Mohammad bin Fahd University,prince mohammad bin fahd university,,FALSE
13bd8a65c017f08e063c81ae763df1d8,Algihaz Holding,algihaz holding,,FALSE
a65c291c55a45eb5b1fae1dc9d31954b,SKM Air Conditioning LLC,skm air conditioning,,FALSE
e66b905c57e0bba82db8626686cb48da,PepsiCo,pepsico,,FALSE
72720b73771fe36ee4365961d23aa79c,SOAB FATT,soab fatt,,FALSE
2854811d46e02b5e2227172b15756c51,Musco Sports Lighting,musco sports lighting,,FALSE
a0d6f96cc44bbe4d14a5981ac1ecbf78,Alborglaboratories,alborglaboratories,,FALSE
d00620898a7e76bea9269c32de5ffef0,MapleClass Education,mapleclass education,,FALSE
365e99c84a36087124c0865dbaaad550,EMAAR Al Musaned Company,emaar al musaned,,FALSE
9ca75bb567ae5aca5665f7113b833903,Doolab Agency,doolab agency,,FALSE
e0af64a6eb35398ce2102db750b1c4f5,Kanz,kanz,,FALSE
703ee5735741b2cbbad63e109c1459b8,Core3 Consultancy,core3 consultancy,,FALSE
a3c6393fd44ff6d20364f0fb044c041a,Ejada,ejada,,FALSE
d3127fec0a5e3a1bf545c7e432e9e6d3,Proger,proger,,FALSE
bd0f344f7d4dae14a5a5084dc4d5de0a,AMS2,ams2,,FALSE
beea944e832e83b890646147fe266b48,ByteGrid Talent Services,bytegrid talent services,,TRUE
f34ee74bfca9af09bad11a357a3449a3,KAEFER Saudi Arabia,kaefer,,FALSE
b31ed76649bb00ea273973070afacbc4,Sscirra,sscirra,,FALSE
fb59c993ac0c7e912f67085db5ae144e,Ciencia Puerto Rico,ciencia puerto rico,,FALSE
0b52e982cddf6a807d3bad5fcfee0750,Farabi Petrochemicals,farabi petrochemicals,,FALSE
91863d83e9dc38eab9d10ac57ea97a36,Midana Exploration Company,midana exploration,,FALSE
11a16f5e8d6f0dd1734ae6ef32e598e1,Specialized Technical Services – STS,specialized technical services – sts,,FALSE
a87fb701bdd306cd6d39074911635b1b,Federal Express Corporation AMEA,federal express amea,,FALSE
3048012b497b2fd7caa2e3ab03cf505b,GE HealthCare,ge healthcare,,FALSE
946c28f72272e09d162a79cd6f496ab4,Sweater,sweater,,FALSE
67fd53a8ae691ad72b1640aca01a8580,Apt Resources,apt resources,,TRUE
7c789645bd884324eac1641ff0e55b62,Databricks,databricks,,FALSE
bd1dbe0d9deb9b9d3b526818d0bbaf4e,Workato,workato,,FALSE
25dc9f48da61d28fb6b3c7c98ff2921c,Creative Cube,creative cube,,FALSE
04a8f40dcf7c508250d79229fad346fa,WPP Media,wpp media,,FALSE
a2965842797081cb9fd89b68bae6460e,Cynet Health,cynet health,,TRUE
6a7cf2fd30071a2de4f4dd516096e038,Skills Provision,skills provision,,TRUE
637474b21c78048935538adf81d6ea57,Arquiconsult,arquiconsult,,FALSE
8ed030f8a8dcb189da7b3c3fa8e9c5ca,Everysky travel,everysky travel,,FALSE
45384a00fe1f3f18a8cb81f94b892f31,Emdad eastern supply,emdad eastern supply,,FALSE
8c7202e28d6d7e364bcc8d413c83c048,Salem Balhamer Group,salem balhamer,,FALSE
90c09693eef5a5b6895bdc743d40df02,Multilink Management Consultants,multilink management consultants,,TRUE
c9a17dc2fa2129e1e5754a9dc875db6b,Abunayyan Holding,abunayyan holding,,FALSE
9409708c9d803a800a5714478872a194,International Monetary Fund,international monetary fund,,FALSE
81c9344732755a397a40fa0271687dab,Ismena,ismena,,FALSE
c48a2c16e1023e5889b157d5fbae506c,Helmerich & Payne,helmerich payne,,FALSE
ebe73849058b47ae5eb163ecb134a4c4,Stryker,stryker,,FALSE
59ed188144020c85897e36d56a895db2,vFairs,vfairs,,FALSE
f7246ad9ea9fc2d3102195774c219a3b,Uzaif,uzaif,,FALSE
829821286308824dccc13c88970a2dcc,Leopardo,leopardo,,FALSE
c0828e0381730befd1f7a025057c74fb,S3-KSA,s3,,FALSE
449494e4dc137455412ff57793c2f64e,PayTech Nexus Ltd,paytech nexus,,FALSE
54f807d24848b42b02cbeb7cce03446a,Diaar,diaar,,FALSE
ae3883412adad73fc7516ea024afda8c,Saeed Raddad Group,saeed raddad,,FALSE
a72a347b31e770e0d0b564903ce4cc6e,Emdad Al Sharqiyah Gasket Factory,emdad al sharqiyah gasket factory,,FALSE
7ab93feeb36d98e584d10de2e2f68843,Cubic Corporation,cubic,,FALSE
ecf762a2cc826fbbd3e0efd07fca196c,AL Sadid Mir Group Ltd.,al sadid mir,,FALSE
e8ef78f4999f9863e2070b0636b0458e,Meem Co. For Hotel Management and Operations,meem for hotel management and operations,,FALSE
0dfc29c6e7a64117692d1bfe559d4151,Advanced Education Company,advanced education,,FALSE
a17d2cef6c8042373b5a88476134e65f,DHC Partners,dhc partners,,FALSE
aa75c48d2a4021b50c9ba4a94a591335,Gibson Dunn,gibson dunn,,FALSE
4119ddd04b8b7a0c2791a10536aac3cc,Parsons,parsons,,FALSE
aa9b94cb86e0309ccf6d33885a4bf525,EPAM Systems,epam systems,,FALSE
1f05453dcc525de8cf89c09c35134e76,Rawafid,rawafid,,FALSE
822859cfb9f8b3ddb49bf1077e56d5c3,Gulf Workforce,gulf workforce,,TRUE
0e05d7e0caaf8e7e2765bc1f79c0a75e,GE Renewable Energy Power and Aviation,ge renewable energy power and aviation,,FALSE
96b9e7fe53be87e510bb9f0815109d02,PJT Partners,pjt partners,,FALSE
f5888d0bb58d611107e11f7cbc41c97a,Marco,marco,,FALSE
908a4ce92399a1c273de986662ae6815,Star Services,star services,,FALSE
6b217f377caa5fb1c7cd7b7b689a0772,Abisco,abisco,,FALSE
a79dc75a13b584baa37f8ec20d944410,Shade Corporation Ltd.,shade,,FALSE
a7984ff2229e73d2f4fcbb9a4c60a948,Deutsche Post & DHL,deutsche post dhl,,FALSE
2acae8be44a70913481e66dd2cd3f761,Euro Group,euro,,FALSE
496254befe588fd09044bbc72c0ef103,LEO MEA (Middle East & Africa),leo mea middle east africa,,FALSE
83a02e4b9a06436b639aeb2be78a3b29,Doroob,doroob,,FALSE
1458faefb87252155a2f03303dd9b985,Doctify,doctify,,FALSE
eb7e3ba86f07c6bc91a4a55e44dfe9de,PPOAR,ppoar,,TRUE
670953b82dbd48b8d55d69e44ff77ba7,NAMAA,namaa,,FALSE
d2b02c0e483181bf9bbc52d994c610c7,National Initiative Human Resource Company,national initiative human resource,,FALSE
5e003dfd8746c04bbaee0239173b5fa0,PE Global,pe global,,TRUE
25fc22e11337da78d28943053090167e,eXtra (United Electronics Co.),extra united electronics,,FALSE
50561a2b3d4bdfdba313ea9ec658e8b7,Abdullah A. Al-Barrak & Son Co.,abdullah a al barrak son,,FALSE
5af0cd726725586d11b807c2cead993a,Trans Industrial,trans industrial,,FALSE
-1,Employer not disclosed,,,FALSE
c959c2cd4962976e38ed2af68068d50b,AccorHotel,accorhotel,Hospitality,FALSE
88e0b8533935bac4a606f10eb25be9e5,Foodics,foodics,Information Technology and Services,FALSE
03e216884c8ae3be0cf23adc985e989e,Boskalis,boskalis,Maritime,FALSE
53d57eb4bc4145d5a9ac219be09bdea5,bTranz,btranz,Computer Software,FALSE
f1dfe13baba8016e48a183bef0023baf,Ethos Interactive,ethos interactive,Marketing And Advertising,FALSE
0302ed1eb47098444e77cff5c6b3b15e,Nascom,nascom,,FALSE
0e680cb24eed34997f6226e6af2d5a5b,Aanaab,aanaab,,FALSE
1101048ef389f7c92e2d4512b14a9762,aiXplain,aixplain,,FALSE
533ce52493cb4672a1fc2d6a29aa1208,CareerQuest Ltd,careerquest,,FALSE
024f2c939c4950f7b83c349bfcc8f5a3,HCL Technologies Limited,hcl technologies,,FALSE
eaee99c7f3d6f11167b344cf366ad7ae,Grand Hyatt,grand hyatt,,FALSE
fcf6a3c975055f0f4391ace0e2bc6289,DeepSource Technologies,deepsource technologies,,FALSE
3595202fd57a4910e5dbef2e6747ed02,Stellar Co.,stellar,,FALSE
a559cd4f6e596f9a5e09eedd6ff650e7,Hany consulting,hany consulting,,FALSE
f223e0ff44388c70d9321ce572635dba,GlobalProcure,globalprocure,,FALSE
e8060fb619a53767cfa0c2749637fa9c,Algebrass,algebrass,,FALSE
4ca7860a87148175e82b200a68fbba2c,Kayan Recruitment,kayan recruitment,,TRUE
fe96f082f18fc3a999eed6d5f624c4d5,Saleh Abdulaziz Al-Rajhi & Partners Co. Ltd,saleh abdulaziz al rajhi partners,,FALSE
f8defcbfcfc04088cd3cf22593cbffa1,Al-Watania Information Systems,al watania information systems,,FALSE
1c29c099dae07aed5c0d842240f39bb4,Ssiam Recruitment,ssiam recruitment,,TRUE
2e3b617073bec513ac0c7a4bb9723309,Azar Human Resource Solutions,azar human resource solutions,,TRUE
aaaa05a8f27eea192236b5062337ac9b,IIQAF,iiqaf,,FALSE
c631a467606a7d90472b203cea0344dd,Creative Closets,creative closets,,FALSE
f95b69c3e26cdc7dab8f39304a4ba7f2,Tahaluf,tahaluf,,FALSE
05f5ce6cfe6a1a98f925d37c75406a0b,iXceed Solutions,ixceed solutions,,TRUE
4e7232c0713b87c8fdd50b2a7cf5f7a6,D.O.M. magazine,d o m magazine,,FALSE
b1324149f7eb68d93bec3f2e21945e31,Mirror Prime Company,mirror prime,,FALSE
f1d8bc577879f12a949732d3ef9ed492,Enjaz Com Ltd,enjaz com,,FALSE
74470124a895008a674313be0be1d047,Ingram Micro,ingram micro,,FALSE
f77be2a38ebd4e1357d44f6abac2461c,Rela,rela,,FALSE
2ba16fa96e677c263e487b9899dc91bf,Sarj AI,sarj ai,,FALSE
fb04d43ab0444a7d40c42067d84f5179,Atlas Copco Holding GmbH,atlas copco holding gmbh,,FALSE
01286de8e07e6e4aa33b773f9d89c3bf,Unilever,unilever,,FALSE
8a73c9d5101e86ade4250356900fa36e,spiderSilk,spidersilk,,FALSE
aa55097cc36f3a9c1b04b5f47ea76256,Bayut | dubizzle,bayut dubizzle,,FALSE
0f1314cfe82bd86ab4f347f56db1d845,DataPlus,dataplus,,FALSE
f7905d8559ba70f6840b5d7db5a610c6,LEK,lek,,FALSE
66124aaa9b39896c92d058e985281e72,Sequel,sequel,,FALSE
561b0463f12fa35fda90b7c4c7c74096,Alsaleh Enterprises,alsaleh enterprises,,FALSE
f18dc846951b1a70c4c44ea495c9ad45,MiraCo / Le Secret du Pain,miraco le secret du pain,,FALSE
17cada50593962883cb919ee2ca38693,Dar Al Riyadh,dar al riyadh,,FALSE
28a34010e84b881fb087359c7e280a08,adidas,adidas,,FALSE
790e3ae1d717cf6cc245a73c7293d89d,IKEA Alsulaiman,ikea alsulaiman,,FALSE
42db99720fc041a7e8a7ca75534e1485,AESG,aesg,,FALSE
b00603c1598cbfccdba8faaf74043a42,Jacobs Engineering Group Inc.,jacobs engineering,,FALSE
424ec260a8c712dac188851c4335cb71,CAROMOTO,caromoto,,FALSE
39b6046c0b155cb9ee7451b926d6bd7c,Danaher,danaher,,FALSE
84b1ac014a9989461d12008ffe86ab40,Halliburton,halliburton,,FALSE
22e8c0db4de7d7ca572aa38362a872f0,MARBS,marbs,,FALSE
da62d3d2a4f9fb9ed73333b15ce067db,BEC Arabia,bec arabia,,FALSE
1a590ea082fdb974f138d6ec32f2d0cd,ALBAIK Food Systems Co.,albaik food systems,,FALSE
a05b9c4f0faef617f63390aeb8a8ba9c,Dallah Enterprise,dallah enterprise,,FALSE
4a52a45cc29830fc0f431faba6e5b890,"CreditNinja - KMD Partners, LLC",creditninja kmd partners,,FALSE
3d349022e5852b6ce8df0e0511634f35,Avanta Works,avanta works,,TRUE
339954f26fc843dc265a62e9669e09d3,Deloitte,deloitte,,FALSE
638da0db77da9be01a51a25dcc10e0f7,Saudi German Health,saudi german health,,FALSE
cc43264706fcd9c76a45be3321f3a195,Alyasra Foods,alyasra foods,,FALSE
c34f46d850275640cec54dc7a976274b,Booking.com,booking com,,FALSE
6031fa4653623595bee234b7948e07ef,FashionUnited,fashionunited,,TRUE
c3531d6d97b10bea32420b0ff9173f02,Digitalcorner Ksa,digitalcorner,,FALSE
70cd71bd1ffcfdea593d147e409ef208,Telnyx,telnyx,,FALSE
3920b0b053823dd22169d0972bd18c36,Alfadhel for Medical Recruitment,alfadhel for medical recruitment,,TRUE
9d903ccd68212f85fc2e700e4733e52f,Adobe,adobe,,FALSE
6395fc1bce26eeb6f8f92ad27d5a98b3,Al Sakhaa Al Thahabia,al sakhaa al thahabia,,FALSE
1a54079b447ca290221ccbbfe0df2573,Coty,coty,,FALSE
a2947a4d3c0e4e65ecb997bb43f35b2e,"Celeros Flow Technology, LLC",celeros flow technology,,FALSE
b0397db4069f7b7c1cf4d28c74122cbc,Supply Tech Nexus,supply tech nexus,,FALSE
5e319735ad19e30cb9017a33c2d35062,Abdul Latif Jameel Enterprises,abdul latif jameel enterprises,,FALSE
5429fe51e4d31bdaa5784d2e04963e77,Core Medical Group,core medical,,TRUE
ff5d35756b463a02e583ec2ddf09041c,Brainlake Advertising LLC,brainlake advertising,,FALSE
a5fb419a7f55ebac453e52fa178449e5,Nexttec Technology Outsourcing,nexttec technology outsourcing,,TRUE
a655c635ae3e919169091278b4635785,Arab National Bank,arab national bank,,FALSE
a560d5fef286ba3d727466fd576efc32,We Lead To Develop,we lead to develop,,FALSE
c419b06b4c6579b50ff05adb3b8424f1,BD,bd,,FALSE
4f37ac4e92ca406bf077ba1ac6b58e29,Varex Imaging,varex imaging,,FALSE
4ce941e1bd4d6ac38666eb363e268a07,Catrion,catrion,,FALSE
2e619237c81b3c9283213ab7adea522d,Tech First Gulf,tech first gulf,,FALSE
108ac877c6dade5bbb22686e42cf0bec,GEN PLUS Group,gen plus,,FALSE
1bd6bb5cf1c35c8d111400f3b85728f6,Lucidya,lucidya,,FALSE
26f74940d542e06136bfe5768e18dfa3,Henkel,henkel,,FALSE
295217ce6ba75afb2f3ebc6c3d77afa6,KAAB Modern Contracting Company,kaab modern contracting,,FALSE
f7223094025dbd1c387a70029997bd17,Bvlgari,bvlgari,,FALSE
95d7b46c903aa2254c8ba7857a8f2246,Big Fish Recruitment,big fish recruitment,,TRUE
053e0bbedf7da7e2dd3559250c70e237,Fresme,fresme,,FALSE
a8f7cf41af9f480cb7c5d30e490281dd,Aramco Overseas Company,aramco overseas,,FALSE
5922a41d1611ba818b57b57090b37324,InvestSky,investsky,,FALSE
6fb42c6edcb7665ea72962b85200828a,UE Systems,ue systems,,FALSE
11929a57d325b67ec4d01b626d7fee05,Dachstiftung Diakonie,dachstiftung diakonie,,FALSE
659c872f98f7eece2f1349d92196eff2,Hussain Rental,hussain rental,,FALSE
c4cee21f931cd6e15efa9782e9bee1d0,Legacy Hotels Holding,legacy hotels holding,,FALSE
5837a1d57b9b309a138b97ef9d94b5e5,Ultimate Peaks,ultimate peaks,,FALSE
3773cd5eaae1df60d74a2c5bfc23ebc4,Hatch,hatch,,FALSE
1355e7a1feb13f77a4464845a39fa933,Breathe & Buff,breathe buff,,FALSE
f0a1da7f43e936102090e92630933a1b,Meituan,meituan,,FALSE
6fe3b1a2bc2a0f5359cce10497ad3ace,Content Creators,content creators,,FALSE
cd19fa00757df08266cf097de2a9caec,ENGIE,engie,,FALSE
040ba5ba93d55da9f172c652e98d2215,Morni,morni,,FALSE
8b85fd111650f65f3351d8fd1e99f58b,HanmiGlobal,hanmiglobal,,FALSE
6e605c468227ce8701bfecba4e08607b,Altakassusi Alliance Medical LLC,altakassusi alliance medical,,FALSE
34ddaa8fdb3b33e12dedf7a26f780289,Apex Operations,apex operations,,FALSE
c20bb20ace05b031fcf4e1e645712656,Ten Lifestyle Group,ten lifestyle,,FALSE
0a2c7076581c57addc91f447def8b5d1,My Little Kingdom International School for Girls (MLKIS),my little kingdom international school for girls mlkis,,FALSE
6d2dc8e4cced6b70b33ef2c208101a00,SPIE,spie,,FALSE
5a0e9138995a6e4023d4f5460850473a,First Executive Recruitment,first executive recruitment,,TRUE
49e62a8251732cb41903db250ccf2a61,Cigna Health and Life Insurance Company,cigna health and life insurance,,FALSE
8968003a7c9ebf7be85fce9045ffbee2,MANTIS,mantis,,FALSE
eda2ec62075ed08b4cd3f259f454e6ee,WVB Connect,wvb connect,,FALSE
0a702d63386919dd82ba1477995de386,Support and Empowerment,support and empowerment,,FALSE
8e4848917f0c14dda80ed2a323af435a,Amentum,amentum,,FALSE
1349191499f8bd75f612e529981431d6,McKinsey & Company,mckinsey,,FALSE
d2c0939d45561765ba78cf509bc6eb30,Delivery Hero,delivery hero,,FALSE
08b3459b2a12bce5e661118840c05a63,Siemens Mobility,siemens mobility,,FALSE
c97ce9a5e13cfce4914b0fe262bca29b,Kings League,kings league,,FALSE
be08a318a57fad293b4947e9b06d2d1c,Samsung E&A,samsung e a,,FALSE
e36fcebc4fc7d5237d311178d4e74e19,Food Basics Co,food basics,,FALSE
95b3880cfd1948c3b3b6bbef439eb9a9,Kafou Medical,kafou medical,,FALSE
ae6188f91574fa5ac18e8ada9ef3848e,Elite Fancy Food Co.,elite fancy food,,FALSE
df0893220c993ffbeb28b75726e081f7,nrf,nrf,,FALSE
b5631575156590c2712adf08e21ce7a0,Exact Technical Solutions Company,exact technical solutions,,FALSE
77c29fec59a2f6fe8cc7490e266d7c2d,Artefact,artefact,,FALSE
5853f06cad7c7f6f5081314985353728,ATCOM,atcom,,FALSE
303c8ebdb6e5d8d142e93e01c1318e95,Solidgroup,solidgroup,,FALSE
69f5443950f43861f7c77529fabc4d79,Scale AI,scale ai,,FALSE
e0d4574c71ab16d01911cba339d30238,Medica Group,medica,,FALSE
a350f431c1347dc0cb486e5abb30bdb0,baja,baja,,FALSE
a243d9efeb25a2ddd7a3af475b18c5b8,Tamkeen Advanced Co. Ltd,tamkeen advanced,,FALSE
f599c0104c4b5bfb5ddbe7892aed2435,Arabnews,arabnews,,FALSE
1b80b8bde92dd8b0eb64d9e021e8e5cf,ecojob,ecojob,,TRUE
350bde1202c0a32d04191fd142e64d33,Zamil Industrial,zamil industrial,,FALSE
84175148dd56b1fce1c742d83ca1d1a3,Ajlan & Bros,ajlan bros,,FALSE
d53bb62c9c20b507dc9682aba182000d,Soum,soum,,FALSE
e54ae3863b0d356448842e9150106ec8,Whitecollars,whitecollars,,TRUE
e1815f00e0feb48d5ad2235cd6fe76d4,Hopeghospital,hopeghospital,,FALSE
fa0a39a3e7cf1341809165ebe54d869c,Keemart,keemart,,FALSE
b99a7988821c20618f2f3676083ed387,Rotana Jabal Omar Makkah,rotana jabal omar makkah,,FALSE
ae3cb4bea9809e6abe5994390ab17ede,Agoda,agoda,,FALSE
cc8a91428a1a6fd5a16b35817826d5ca,Horizontal Digital,horizontal digital,,FALSE
417a1944b6f7bc8b00500730df197d4d,LHR USA,lhr usa,,FALSE
02d5cc68faa88e191d8bd5dcd1644a79,STAY Residential,stay residential,,FALSE
2d68dfa44ebd53a1c99e424feb83760a,Suliyan Company,suliyan,,FALSE
a500d76befa354b9183f5d25b8bc51db,Al-Futtaim,al futtaim,,FALSE
2a1084663a4d721973082f1473c1beaf,Trueai,trueai,,FALSE
c5cfe2fb7bfbb1ce35b70cbee4d8ad93,DHL Express,dhl express,,FALSE
dfbe7a24620b2adce4934b9ebe68b3b7,Epergne Solutions,epergne solutions,,TRUE
8846fd7666b03b05edede6368a430123,One World Global Services,one world global services,,FALSE
37cb32462b6f4884a1d6a8afa6043348,Ultimahub,ultimahub,,FALSE
a380932a93b56f08ac260a5cdbfed514,BrightPath Engineering,brightpath engineering,,FALSE
7cacb4403ecdfdfee65efa49aa55bb2d,abstract resources inc,abstract resources,,FALSE
9a450d7d2578bbed9e34aef8e7ab3c3d,Selective Touch Recruitment,selective touch recruitment,,TRUE
95aeda47e5b0ac54a319bb6603eff06b,india abroad,india abroad,,FALSE
d83ffbdf6f05496175f1186ea8eb3c53,"Cozymeal, Inc.",cozymeal,,FALSE
18591bbd9eda36cbef84dc3ce97d21fd,National Blood & Cancer Center - NBCC,national blood cancer center nbcc,,FALSE
7c957ed7e6a2b0b1b1235a6aabd1f3ef,Marítima del Caribe Dominicana,marítima del caribe dominicana,,FALSE
6b70b1e6ab983c575ae1ac0d4e3c23eb,Hilton Luxor Resort & Spa,hilton luxor resort spa,,FALSE
2971fe45468ab1c6e04d45ed50e20d4b,Mizan Al Arabia International,mizan al arabia international,,FALSE
97abecdbffd7342643eb8baaad107967,AstraZeneca,astrazeneca,,FALSE
d6ef7e1f49eb5f1ffc9a036ced1497d2,Airbus,airbus,,FALSE
e00107f674a9620be5ebeb0ccda95cb3,Churches' Mutual Credit Union,churches mutual credit union,,FALSE
daa55629b0e11d55c457fd831a0bbd8c,Ebdaa Al Shahama Gen. Cont. Est.,ebdaa al shahama gen cont,,FALSE
ed8f43ca2c6ce1581ad866db53bacdf2,Kawader Recruitment,kawader recruitment,,TRUE
f7a148d38c203541dbf125d939e69f36,Immensa,immensa,,FALSE
b957630948cfe1973842a5f97af4357a,BUNA,buna,,FALSE
9088b1659613fad8a50c2ead6fb04acc,dLocal,dlocal,,FALSE
0de54be692d77edfe816dff59fffad6e,Tarabut Finance,tarabut finance,,FALSE
6707f09b48796210d667df94c37094ba,Taqaton Arabia,taqaton arabia,,FALSE
578ff89734832dcd8ea88647967e1f1e,Saudi Desert Control,saudi desert control,,FALSE
28c48615b53a59cfa27a6699be267f56,Locationsolutions,locationsolutions,,FALSE
0690ef546bf96611c2013b5aba28e670,Bouygues Construction SA,bouygues construction sa,,FALSE
ad006cec1f7b7d671ca2db084744fce6,Diaverum,diaverum,,FALSE
acdcd0d7b8912763802107a422b57d52,Rotana Corniche - Dammam,rotana corniche dammam,,FALSE
d1ea35f781dc68a8d0aff75d24f69655,Water Transmission Company,water transmission,,FALSE
b5660ffcdaa6841bcb87b225154f8bca,GSK,gsk,,FALSE
9e32a6d09ae48f826e03a6a371f3d961,Team GDC ME,team gdc me,,FALSE
b14a01427bd6d140ef3e9037f72d1e11,Lanco Group,lanco,,FALSE
395b5a7a4e852c0f9f02da7385e22a7f,"Alghanim Industries & Yusuf A. Alghanim & Sons, W.L.L",alghanim industries yusuf a alghanim sons w l l,,FALSE
1d68060d184c8a610e69cc4aaa41bf05,Crown Holdings,crown holdings,,FALSE
b1334ce6e5c5ae74cad9f718f94865b8,Welo Data,welo data,,FALSE
cfeb5e3bfb692cec76e7d315f8eb57b1,Seeds Renewables,seeds renewables,,FALSE
a4f48c30f07fbe8da1c03a7ba61b3f7e,Blacklane,blacklane,,FALSE
daa8486fd9ab5e3ec9435d99e9f2a47b,Digital Channel Company,digital channel,,FALSE
dec05318f3cf774e3de046b16bb2ab67,Naqsha,naqsha,,FALSE
06dcb8e8f67627d560dab3a26ef9b01a,Ipsen,ipsen,,FALSE
a32e8da9ce869f9e9a291a4e9240ed26,Applus+,applus,,FALSE
b45eaf89495490003c9568bbc3149cfa,jonescc,jonescc,,FALSE
d96fa6bc4188723a038bbf5bcc097364,FLS Al-Rushaid,fls al rushaid,,FALSE
8e6e0bfaf3487255c1ce3251294752b7,Eaton Corporation,eaton,,FALSE
cfe0c066bd91cf2383d050b626564ee5,Landmark Group,landmark,,FALSE
2a223d6c3ca37e4bb64f6929ea066733,Alpha Limit Group,alpha limit,,FALSE
b38e643c047af507594bf8fa5125ae70,Marakez,marakez,,FALSE
114dd41c62126c6ff3656a08d0db74f2,BM Academy,bm academy,,FALSE
2139b5432be141e3e83c4a77c0c6e14f,Argo,argo,,FALSE
e06086a69c1f0785f8c9d95be22fed2f,SLS The Red Sea,sls red sea,,FALSE
c18d9f1d15573e5b2c4002d617846182,Arbete Careers,arbete,,FALSE
25b8de38c475e94422de38ff3290942a,MENA Consultant,mena consultant,,TRUE
4bda4216e1e679d58153b0538c698612,KBR,kbr,,FALSE
0a08993b0db87a5c162dfb901c69b30c,Four Seasons Hotel Riyadh,four seasons hotel riyadh,,FALSE
fd4dace909f5c9b7c354e3051d1edaf5,Michael Page,michael page,,TRUE
d45286b9331b5cee256de1384f49af51,Retal Urban Development Company,retal urban development,,FALSE
d36eef7202e999d98c5d0bb31c3d9e17,CoverGo Limited,covergo,,FALSE
cc50beb6c4441c5e868e2cc288154b11,Baxter International Inc,baxter international,,FALSE
bf3cb33cb01eb9456c55f1f2519e1885,Fusion Medical Staffing,fusion medical staffing,,TRUE
2595eba8242c730e8d7017c13b836d62,Saudi Motorsport Company,saudi motorsport,,FALSE
71ed19634eaa04bc2b256a1feff0771b,Hudhud Maps,hudhud maps,,FALSE
a03bc7ace00e1c1809b6d91cfd72dbdf,We Are Augustus,we are augustus,,FALSE
ce966c68bde76167206323c34eec88ff,GEMS Saudi International Schools,gems saudi international schools,,FALSE
4382e8e300b7c14bbc8823484cb2462a,Emdad By Elm,emdad by elm,,FALSE
414d49e28e8fa74ca8e7604493adb78b,Bloom,bloom,,FALSE
049cf40a78cf31480c193b57ffcb1356,Hudson Manpower,hudson manpower,,TRUE
b48fa6ef95c9d574722ac3d3e20f36cb,Estenad,estenad,,FALSE
0761e53b49ad441c0836f52f373743b5,Flowlife,flowlife,,FALSE
fc2a301e5ae9c1592ac8b3287d0f6ccb,Qassim Ali Contracting,qassim ali contracting,,FALSE
376087a089a8da9f3811769df5d58b53,Tishman Speyer Properties,tishman speyer properties,,FALSE
25cb16e82a5777b46284f0d61aebb261,Nudooj,nudooj,,FALSE
c584990949514a6594b115f02d655a06,OpsSense,opssense,,FALSE
690ebb25f36b1e07d3d645b6583e2522,Arabs Startups,arabs startups,,FALSE
a7e362f71e89339bc52f1d6cd3729e2a,Business Tribune Global Company Ltd,business tribune global,,FALSE
08064bba8c6bef4027042550349ea371,Uvation,uvation,,FALSE
038c69a9f73382771d7e27ee929a16a0,Allianz Trade,allianz trade,,FALSE
b7ba6a700bdb1fac393630929bad3815,EPC,epc,,FALSE
be16a0291a43f34353e8bb450d6fa294,Primasg,primasg,,FALSE
48f48975bf1ea8397ce841b8f8c3650d,Embedded Shishya,embedded shishya,,FALSE
5ea3c1cb9e366223f6293e5db619cc1a,Saudi Professional League,saudi professional league,,FALSE
a9253740a0b0976cbda6c4230a76b4e0,ABM,abm,,FALSE
2a51eb4ca4fe28adcc2c766a139536f6,Millennium Hail,millennium hail,,FALSE
c76dcc76803bc4498706b2c1c62aaaba,TAM Central Company Limited,tam central,,FALSE
68296958c9478cfca3017a2dc2f790fa,Quality Education Company,quality education,Education Management,FALSE
a70eec8e3f0df59d30599d4c92413a81,Beond,beond,Airlines/Aviation,FALSE
b708847561a04de6698a6036cf26f9e0,Jobs for Humanity,for humanity,Staffing And Recruiting,TRUE
7117b0e4db5c97cbcfc01e1c11af9754,Saudi Pan Kingdom Company (SAPAC),saudi pan kingdom sapac,,FALSE
c5f5aaefa43684051f6fa380eef4b59e,Endeavor,endeavor,,FALSE
d6a919f0953e2e234cf8b798df31b926,Tamimi group of company,tamimi of,,FALSE
bd6746d3ada77a33e0053f79f8c49751,PulseMediaNL,pulsemedianl,,FALSE
506e0cf74315aaa6c6ce5ade3ec093a6,Inhabit,inhabit,,FALSE
8f170dc114dcf9f112bda70633e67612,"Greenberg Traurig, LLP",greenberg traurig llp,,FALSE
9e8b0629d33c6b0d9cd1849d298183fa,Ogilvy MENA,ogilvy mena,,FALSE
2942c466ae985c4fe2d8cc9d0c801501,BETWEEN Group,between,,FALSE
3cca0933dc028eace864aac0b5506c2c,Trade Tech International,trade tech international,,FALSE
40a4fc02f1042f9796bc1574b1f12282,Panda Retail Company,panda retail,,FALSE
3a8913c6501e2a9efd29f1a823a11f39,Kaspersky Lab,kaspersky lab,,FALSE
583d25cc8271148f2a23b9c3f74351bc,NACBA,nacba,,FALSE
6ec4c790851c9054c8875ccc55c88c10,Rize,rize,,FALSE
20c6e3999f21e3cdbe26d2c68af636f2,eDesign SA,edesign sa,,FALSE
51389bc759ba9a0a2e960cf511bbca87,ARX Gruppe AG,arx gruppe ag,,FALSE
61a1c6fdd060113a4cbace098e3b8cb3,Ethikos,ethikos,,FALSE
972208d45a16b50df7b9e6fc359feca2,Franklin Templeton Investments,franklin templeton investments,,FALSE
7bdb2b9efc76648a4c0ec30ad69359bb,Saudi Business Machines,saudi business machines,,FALSE
2ec8caca9d161fe068e2994d9b8ca258,Blue Limits Group,blue limits,,FALSE
f86a8ef4ef66101ed226f563421e8ebe,BAE Systems,bae systems,,FALSE
93362a4d1a22f9af0fdef6061c144d02,Checkout.com,checkout com,,FALSE
6a680e1c923f6a4df902cbfbfea6a7d0,Masimo Corporation,masimo,,FALSE
69ce2945fdd4a0619eabd7cff77f3e95,ASGC General Cont. EST,asgc general cont,,FALSE
5b7233c912675e2068846ed4215307b5,Leylaty Group,leylaty,,FALSE
c3777fabacfe8361aff693764f9f8a08,Boston Consulting Group,boston consulting,,FALSE
cba024964534578facc50ca2feadc37c,Ees Jo,ees jo,,FALSE
73b2fbfa33735e70dfd8e06ed5678d26,Tenaris,tenaris,,FALSE
c3669d582cfa13f457d7abb29fd4c80d,Uplift People Consulting,uplift people consulting,,TRUE
881baf6f92d15a0188965730316438f6,Heidrick & Struggles,heidrick struggles,,TRUE
ca03ee0d0598876fdf596705417349c2,Elite project,elite project,,FALSE
149242c4c41b139ada20c44b2ff7ba15,Group AMANA,amana,,FALSE
c88d337d168a18ee9c21ff29f8d96801,Saudi Liebherr Company Ltd.,saudi liebherr,,FALSE
86068a297c230a0db92375160092ee38,Lexar,lexar,,FALSE
73bfad23a57f1f54ebc1a159a591b9f2,"Redesign Health, Inc.",redesign health,,FALSE
7bc27f3e529bc23d7f8c12199cd9798d,GeoWise AI,geowise ai,,FALSE
5837e8859a6244616022ab3e83293aa1,Fakeeh Care Group,fakeeh care,,FALSE
86ef0e865bb585f939a4aa021a0107d6,Spectrum Technical Services,spectrum technical services,,FALSE
d3556b4e5db392981cc6c0794f0e8879,Al Rabie Saudi Foods Co,al rabie saudi foods,,FALSE
6ac3ca3f19a38a3409b8c8d35020bd14,Pipecare Group,pipecare,,FALSE
071931c0f79e043e513ce177d255d586,Richemont,richemont,,FALSE
2981eaee9cf9179f8bdc606e87825fb5,Hijrajob,hijrajob,,TRUE
e726f68e6bc7ca695f5e5d9a100ff963,EBR Consulting,ebr consulting,,TRUE
3030ae871c02c16ce14b495e21648338,Quantech Solutions Co,quantech solutions,,FALSE
6886e4fba86a19959383ad1d289efed8,Qlub,qlub,,FALSE
2b8f4cfc154621162311e090eaf349b8,Creatio,creatio,,FALSE
18d43ffcaa10dbb47b5686a127cf38fd,Saudi Post (SPL),saudi post spl,,FALSE
de514204bae038736316cda9515993e0,Al Tayer Group,al tayer,,FALSE
2456788880af3136405340662bce7901,Kafou Group,kafou,,FALSE
5d9f804b6c98002a4c7996973098b88a,Infinite PL,infinite pl,,FALSE
cbe94d89ecb0a12ecf1b8a61e651f561,Wabtec,wabtec,,FALSE
abb7df7557c5af6e024ab85c39342abc,King's College Hospital London - Jeddah,king s college hospital london jeddah,,FALSE
d405749650591ed58a2fc6b3d3483c2c,Contentsquare,contentsquare,,FALSE
f4a8985090f54656189f3ef73388f277,Edvectus,edvectus,,TRUE
9151f44746fb405f17514767d5085021,Solventum,solventum,,FALSE
9d2456d341a78837831ed8345abe4c11,Wise Insight,wise insight,,FALSE
55ab5f4c946808b6d3e4dc7c11c67de1,Blue Yonder,blue yonder,,FALSE
4ef97a5db1519bec8ee8c91d62fcaa08,SAP,sap,,FALSE
cfdd192656810f190b7a43c505dbc39e,Mintskill HR Solutions,mintskill hr solutions,,TRUE
80dc07eb333b80b191420a3fde489831,Yougotagift.com,yougotagift com,,FALSE
d287c93930d7fffc7215a68222d15b65,Jet Aviation,jet aviation,,FALSE
335209aa34997a194e566ba80e18f376,"Pace Industries, LLC",pace industries,,FALSE
9da4e00a6ad13b56dfb3c1ad8952def9,Quarter Hour,quarter hour,,FALSE
9ee39f394d21a7f4848ab78a78da00c3,Western Union,western union,,FALSE
2139839d8a759c4d0c1c1f82fdfd0a94,GE Vernova,ge vernova,,FALSE
9dcb49c1620e8c58dbb1baa85a7e511b,Matar Al Baqmi Holding Company,matar al baqmi holding,,FALSE
223a688ee5793ad528d16889b395ba6c,flyadeal,flyadeal,,FALSE
928445642176206e0b3a34db74aeeef6,Gameball,gameball,,FALSE
2aafbdd9491d386308d4e2ec503228f9,Waad Education,waad education,,FALSE
1f396ab56e43337b7ccd7ef892d84c7e,Christian Dior Couture,christian dior couture,,FALSE
2b9a81b8a6fb714dac640a13fcddfe76,Koinz,koinz,,FALSE
8fd086f80e788952c5b8830bcb4b6994,Smit Lamnalco,smit lamnalco,,FALSE
3107661ea81a450c7d1b8e325e05f619,Flint International,flint international,,FALSE
e725df0794b817f84db1e813c3512b21,stc,stc,,FALSE
da9adda9e384f16be73b2cdec374bb4e,Afif Modern Trading Company,afif modern trading,,FALSE
d4eae05a9ca91343d7266a724d969ff4,Mina Entertainment,mina entertainment,,FALSE
38f39ca176ec6e9fbbdb8b852ae85009,Advinov Contracting,advinov contracting,,FALSE
41669eb3fc1c20e06a9f74954d98373b,Alconnexion,alconnexion,,FALSE
8851fea1d0477de52aee9ab92b3cf2dd,Crowncork,crowncork,,FALSE
c9b7484804058e4d04d4712254ad141d,One95 Global,one95 global,,TRUE
6ee869fad6b8edb692fa7ef21f99be04,Suknai Hotels and Resorts Group,suknai hotels and resorts,,FALSE
ffb8b472b622dffe5d9508983e296099,Black Pearl,black pearl,,FALSE
ce5e9bc3610f08dfb88ff2c822ff29bc,Cutis International,cutis international,,FALSE
571d1811bd39d8cbf5ab5f205e30073f,Dr. Saud Alsaif Polyclinics,dr saud alsaif polyclinics,,FALSE
ad50ec88fd4d9030abebb46f25a1fe99,Sanabil Studio,sanabil studio,,FALSE
df9572b89c462f69f630f4f5df3091fb,Silah Tamkeen,silah tamkeen,,FALSE
74f2f93139b78d3a83714712c07b4799,Cepco Sa,cepco sa,,FALSE
86ce63f49a05a9b9906517bae0a11f74,Forcepoint,forcepoint,,FALSE
67fc0a109d8838893b64f86dbd67988b,Qadir,qadir,,FALSE
0647343e2657f50b60b345b48ecaf0f2,neproplast,neproplast,,FALSE
514f5bfd7cfe960a35f7c451ce6ad39f,Kcal Management DMCC,kcal management dmcc,,FALSE
a805c528d459e6ccc74ed2b3521ca351,"A10 Networks, Inc.",a10 networks,,FALSE
ff56ba93fcd5d455f3be6dd41bceffe2,Siham International Trading,siham international trading,,FALSE
0af39a6c6baf8297fd306c54e1474c1c,Gulfcapitalintelligence,gulfcapitalintelligence,,FALSE
82817cc2f4d45644380a0db2a74a2ca3,Damco Spain SL,damco spain sl,,FALSE
b37406bd9c9210d72293f68d3d66f681,Daikin Europe NV,daikin europe nv,,FALSE
2ff3ec9c89ae9044529914851f5bea05,Takamul Projects Consultancy,takamul projects consultancy,,FALSE
211528ec65c6d43658ca80ca88e0eb6a,AlFalak,alfalak,,FALSE
866088b056b68eb87b94370a9da52a78,Kidde Global Solutions,kidde global solutions,,FALSE
8a2fa9292906834823a624cbe0cd0887,Mastercard,mastercard,,FALSE
49038a0b9e7424f11b7e90813d674399,International Organization for Migration,international organization for migration,,FALSE
b6198dd804090c7c32b9c5f022ae5085,Saudi Damons,saudi damons,,FALSE
d9dc8203b21e526f9a9bf741a78f54e9,CleanLife,cleanlife,,FALSE
d56d523b5a5bc35142b2fca97a5f2365,BrightHire,brighthire,,FALSE
f6a5d6760c16714648b90e2e45fa5f35,Nuhood Najd Contracting Co,nuhood najd contracting,,FALSE
486e7e7781c353109a6cd72f710b3d1a,Penspen,penspen,,FALSE
62fd3865a89a911a7bad3aa96b3c609b,The Hoxton,hoxton,,FALSE
d97e21af3c56a7493d848c207eaf2230,Aimstyle,aimstyle,,FALSE
62b024c983e791e3bcb94c28ab0798bc,Xcede,xcede,,TRUE
b028b14108180dd96fb49e4edcc1693e,SellAnyCar.com,sellanycar com,,FALSE
3c612ed67c316993f7f208cef8dba62d,Independent Food Company,independent food,,FALSE
ccd56081f329ef4e1b990eb0b9115f0f,TAQA (Industrialization & Energy Services Company),taqa industrialization energy services,,FALSE
d7a2b23d99cbf9c14b07a0c15c97fc32,Exiga Solutions,exiga solutions,,FALSE
ba586ca1105ce3b764e1e399f606a09f,MFI Technologies Incorporated,mfi technologies incorporated,,FALSE
0c6c6f231d36082ad5fd156b3b99ef8e,Gulftekarabia,gulftekarabia,,FALSE
5bd50a1fdcd322a06d3a142f5b2ff881,Shipa Ecommerce,shipa ecommerce,,FALSE
aca47649735abd8dbe28abda1a251014,Arabic.AI,arabic ai,,FALSE
b1fb298fd20ffa607c92239dfeb38b08,Grand Millennium Gizan,grand millennium gizan,,FALSE
8afc2b49b1667323fcd96286cf8618e8,Excellences,excellences,,FALSE
1b3cc380a0821304188455fad5a87919,Limitless Solution for Conferences and Seminars,limitless solution for conferences and seminars,,FALSE
02a8dc4cf01fed584c6423f577c0b0d7,Pulse,pulse,,FALSE
050f1bd0cd4bc789c7989ca78cbbf39c,Tanmiah Food Company,tanmiah food,,FALSE
a608b9c44912c72db6855ad555397470,LG,lg,,FALSE
ea9e29765ee4c1001f290c90eb411bb7,W Hotels,w hotels,,FALSE
4729eaf7a48054966a0c7ab85f8c17cf,el Grocer,el grocer,,FALSE
6d2aeac48f688b3afba2c2878a497d45,Tafaul,tafaul,,FALSE
47b6db8fd78da4b163c9773a438ab8ab,Geosoft Surtech,geosoft surtech,,FALSE
8b86f9bb91161080a4fcbb1b3b43e7a7,SPIE Global Services Energy,spie global services energy,,FALSE
d346a3d7dd4efeab7984688d2494b84a,Virtual Hire Staffing,virtual hire staffing,,TRUE
9de0eeb56940c48937aa833b742ec677,Workable,workable,,FALSE
8f9b59e7453e19acab73fb6dcf22507e,Nice One,nice one,,FALSE
53487a07ee5a6216041406dcc781848c,Six Angles,six angles,,FALSE
0ef54a53ee3e0831f571604c6450f160,Abbott Laboratories,abbott laboratories,,FALSE
fa7a61d25bf0186be7fcb53f9bab1d2d,Aikido Security,aikido security,,FALSE
d8e7362f96175fea512bb8bf6b6c84b3,AlOthman Holding Company,alothman holding,,FALSE
d3c8c92e6c96a5d8e64117fd7f4b9682,Jeddah Tutors Academy,jeddah tutors academy,,FALSE
470e8aacbd7808ba904a5e560b58b090,Philip Morris International,philip morris international,,FALSE
3a941837c67f79597d534d7a03c1a9a7,Saudia Cargo,saudia cargo,,FALSE
183b0b3b9f26912e19d8e151254ff743,CBTalents,cbtalents,,TRUE
fde57660336fbe21a838c37039018ee4,Calo Inc.,calo,,FALSE
0ec40fd484a8384130e26e9c29ef5f65,Sisco Jobs,sisco,,TRUE
f0dc94aa26cf1a53117415be70da3eee,ASQ Education,asq education,,FALSE
6197a4fcd1f3957aead60ec4d657611a,Manha Service,manha service,,FALSE
5da0e0c31e0a28dd20c1f067e5f25be1,ANDRITZ,andritz,,FALSE
87e7ff0873cafc4807ed0233f8c8a146,CsMena,csmena,,FALSE
2d0ac987f2742d80be501b9334b9f064,Alcon,alcon,,FALSE
ddc6f4f470b332c84462dd3f526e6304,Tata Consultancy Services,tata consultancy services,,FALSE
132b6c5fc9193d6ae58027ae302ab67b,MinIO,minio,,FALSE
c38b67fa912e0a2b56e366fee9fbb7f5,Vravello,vravello,,FALSE
e6ea30b087c110ff3ecf7bd46bc3da67,SentinelOne,sentinelone,,FALSE
10336223bca59e02567633c757addb55,Realigns Inc,realigns,,FALSE
5276bd7b30f0ff2b106f6587776fccc0,KEO International Consultants,keo international consultants,,FALSE
a5be6acb9b14f075c59835e65369e621,Kpler,kpler,,FALSE
c83f57708c4e6fb1b7beeabc5d06d25c,Syarah,syarah,,FALSE
3a0a6bcc60a17cbe35d5bab3e7c57b61,IME,ime,,FALSE
2039418d5e5a30463542fa8c201a1244,Elliscoxo,elliscoxo,,FALSE
2e7f0a2ed15cf068e6b499e6e6c6605c,Luxoft,luxoft,,FALSE
13a0bd28f3d818e4b5ba964ee549083e,Love Recruitment International,love recruitment international,,TRUE
fe3838c7c11aa406dd956566e17360d5,PER,per,,FALSE
929d95fe0f6587f280dc4a461d573a61,Al Layan Logistics,al layan logistics,,FALSE
00a72cfe8ec9656f4937d914e7869acf,Red Dune Contracting Co.,red dune contracting,,FALSE
ad2806230fbea4a9162142b2f6a9a34d,SearchPlus HR,searchplus hr,,TRUE
1556359aade7662d288b3a8dabd5bf3f,Amaken,amaken,,FALSE
4f7e11633b3f8e44b442d79f35dd540d,Maximus KSA,maximus,,FALSE
b34ac81c8ddcf14a43ca81fd52eaa148,WadiWalk,wadiwalk,,FALSE
66892214b1b3373ac241ef976a872e00,Skylark Infra Engineering Private Limited,skylark infra engineering private,,FALSE
841d806fd1f9758dbbed5b4dbfcccfe3,Agility,agility,,FALSE
9c38c5b7c8c85cba49c106f6a1853f05,CareerDubai,careerdubai,,TRUE
6168c645550b2b093e60e183c8bccf03,Buroj Al Madinah Real Estate Development,buroj al madinah real estate development,,FALSE
60e8836f6b4e6b963e87ce163f49643a,Pacific Coast Solution Contracting Company,pacific coast solution contracting,,FALSE
a444a445021d5bfcb2c4d087a5e5b706,Aajil,aajil,,FALSE
caab56cae6a0b0fb6583a6773e0b80d9,Altron,altron,,FALSE
22a19cfd1d74914ab6d6c03c6430a353,VALD,vald,,FALSE
93fc2f41c4ad36d1c75ad2aedeea1bfd,Aldenham Prep Riyadh,aldenham prep riyadh,,FALSE
76efdbe371ec733f707339c99508de25,COGNNA,cognna,,FALSE
996036c968e35965e344531ef0a4ac93,H. M. Al Rugaib & Sons Trading Co,h m al rugaib sons trading,,FALSE
ffcac5a62222803a8b16ed8a0f82bd01,ISM Prefab,ism prefab,,FALSE
7801366782c73874aabc3567f5d3b621,Hassan Al Aithan Gen Cont EST,hassan al aithan gen cont,,FALSE
829e03a09cf4c16f2ae0eaab938d198b,Waad Academy,waad academy,,FALSE
425f9ae7f0ab5f5a3bc0356296aae21d,Artepreneur,artepreneur,,FALSE
04642e00317d897d51e21515c12009c6,Future Pipe Industries,future pipe industries,,FALSE
881b553a119add1ff3fd391fd77efea8,EZTreks LLC,eztreks,,FALSE
1010423d1498c0befb726b7127db52ee,PERI,peri,,FALSE
fd287442e01d77a68f5779e4e792896b,Al-Qadsiah Club,al qadsiah club,,FALSE
0c175a746b9d63c0b957d00d7d3b5b8a,Flying Bisons,flying bisons,,FALSE
d9ca93fb64a514fd58f06b75ee11ead4,UNICEF,unicef,,FALSE
fca1c72585177d623c83743fd72bf8c1,Grey Lines Company,grey lines,,FALSE
b1dc0acd0eb4ed15edcfda976a53e547,Exselens,exselens,,FALSE
2cb95ec8ce43f0c5fa126fe9f639a094,Kuehne + Nagel,kuehne nagel,,FALSE
91ddd3b498dbe7d54ecf81dc92f91954,Hugging Face,hugging face,,FALSE
6da6ceef17b0eeef3d18694a0f7356a2,Takara Hospitality Group (THG),takara hospitality thg,,FALSE
000e1a0ffc427f7376efacd59b5034f2,Tarshid,tarshid,,FALSE
1ebf3011a3d9fa170252cd8cb9fd6fd0,Adree,adree,,FALSE
17a60aaba57a53368d1bfda5b4e689a1,Sulava MEA,sulava mea,,FALSE
26e659fc7d6293a01689cde3bb3d4f09,Care4 General Contracting Est.,care4 general contracting,,FALSE
ec4337db515ef50d2715287f16a1d6a6,Exclusive Household Staff,exclusive household staff,,TRUE
8ba82e93a6aef6485ec2516c54781a4e,AbbVie,abbvie,,FALSE
ff3dd0437e09ec4704025eed4bb26502,Ceer,ceer,,FALSE
8d7ab2952fbe1ddb25f630dc93589dfc,Tamer Group,tamer,,FALSE
b3e986505564f072120a5bd2bcc06e14,Dr -Scent,dr scent,,FALSE
3439c4b1710174a7879b248f58754507,Core Code io,core code io,,FALSE
4ed7a525e7720b8460fc88374f37bcdf,JASARA PMC,jasara pmc,Civil Engineering,FALSE
b12a8c6b0ea7c54992e1f7f007585f18,Eram Talent,eram talent,Oil & Energy,TRUE
0814b38cab7bf4b0172a288af1aca88f,Roland Berger,roland berger,Management Consulting,FALSE
25dfc7b15d175754376c543f27b78828,CREALOGIX,crealogix,Banking,FALSE
596a35660eb3e5b38a93b7ac900ef213,Addar Group,addar,,FALSE
1c7bc71e6adaa0b9a258587b6a40c7e1,LivaNova PLC,livanova,,FALSE
9717b9071f23875595e02007fd3b1f14,Dolce&Gabbana,dolce gabbana,,FALSE
43f4a414126e07fd944b523ea6c744ac,Dengage,dengage,,FALSE
42a61425cf575a35094bf34fea7b5932,Veolia,veolia,,FALSE
14974f8eed435f594de307c71ed324e0,IQVIA,iqvia,,FALSE
b29b2ed377bed4efa4ee348100a73de2,Alpha Leadership Co.,alpha leadership,,FALSE
75993b87c188c4fd385a41a17c547f85,Panasonic Avionics Corporation,panasonic avionics,,FALSE
2d0d4809e6bdb6f4db3e547f27b1873c,Amazon,amazon,,FALSE
667c6b4207a7343b2f818fe96cde1ce4,My Clinic,my clinic,,FALSE
25f1785be1619c5bc722286302efe790,Dubai Holding LLC,dubai holding,,FALSE
5c7151f3b35e90953cf1cdb54ab61bfa,Mutakamela Insurance,mutakamela insurance,,FALSE
af7018bce3402d595aa0d0a2799da15b,DSV,dsv,,FALSE
3abde6632d833fa8dca9725a87ec9e13,Trackline Marketing,trackline marketing,,FALSE
0cf6d675cbfe011d089df2dbf0c8eeb3,"Madinah MGS3, Sepco Company",madinah mgs3 sepco,,FALSE
cff5497121104c2b8e0cb41ed2083a9b,Flow,flow,,FALSE
216404fe4d38c186807958d666d1ca3f,Intajalamal Investment CJSC,intajalamal investment cjsc,,FALSE
b3af1dcb4b6a72ab48749ea3bb2a6dbc,AL Nariyadh,al nariyadh,,FALSE
bd2597f6a5d2882a8e564c1020d7668c,JOH Partners,joh partners,,TRUE
9a0f37f355df5ac9a3439fbe6da5e67a,Nashaa World,nashaa world,,FALSE
e9dbd0ab151d5957cd9869a142ba2fd1,JLL,jll,,FALSE
057314501e7f9f3c288a62cc85d53231,"The Ritz-Carlton Hotel Company, L.L.C.",ritz carlton hotel l l c,,FALSE
eb77246c78d92e092fa0a933ee4f2646,Anduril Industries,anduril industries,,FALSE
cb1ff0f9a9073116d06ab74f2a48e431,EYouth,eyouth,,FALSE
cf00eaf2c8d2c7d6f5b8a15215fc9f19,Rotana,rotana,,FALSE
6a3f13a5599b6b256d9ced709a841e74,Paymob,paymob,,FALSE
be8ffdcc1b30f708e7f250e98c43a44e,Cloud Consultancy - CCDS,cloud consultancy ccds,,FALSE
5ae1d3a2691ea506dd091b9fa656e746,Rawaj HCM,rawaj hcm,,TRUE
d6e082d5850da606d89f7367f92ca53e,Ajdan,ajdan,,FALSE
953cc56a723f033cb216f1964413cb25,Awadiunited,awadiunited,,FALSE
0e7bea25dc5c292d307769cdc8f57bc2,Tony Blair Institute,tony blair institute,,FALSE
bd6a8e01e352a1f8cb968fb4e3202f5c,Alumni Ventures,alumni ventures,,FALSE
029a547cb288df8da9884dc509085974,Faisal Management Services,faisal management services,,FALSE
8052b980fe531ac39231b3057ef1aff9,BiopharmaCareers,biopharmacareers,,TRUE
f8c93a65b837caeb5fa59c94557c7a9f,Woopel,woopel,,TRUE
901fa16a367d16366571b5372861dc95,Saudi Ceramics,saudi ceramics,,FALSE
8d46fc91126bd0602eed2c67f45f84cd,Idea Nest,idea nest,,FALSE
428c9f99953d969a873ffdeb3ed7b1d1,Welocalize,welocalize,,FALSE
a6cb701b0fda9f3443982009bd3336d2,Fitch Group,fitch,,FALSE
718bc8e0240f7c577e6f855ee19c4da7,We Deliver,we deliver,,FALSE
dfeaf10390e560aea745ccba53e044ed,Cisco,cisco,,FALSE
548daf345ac6f3d58f2a74dfbc547ba2,Matar Holding company,matar holding,,FALSE
65c7a6b63e67b384504b8058245aae60,Ossmantech Trading Co.,ossmantech trading,,FALSE
95350c105a8138e2d4323f7beb37a0c3,Al Rouf Lighting Technology Co. Ltd.,al rouf lighting technology,,FALSE
67078a8a150c37d1fd03040eaa91fac6,Mukoun,mukoun,,FALSE
60055c3a7447f4123a56b15192c55442,Jeddah Airports,jeddah airports,,FALSE
7ff901b8c59f00dea38d1d64ab82c9ee,Le Méridien Hotels & Resorts,le méridien hotels resorts,,FALSE
ce2d05fab03ea9117de9c0bdc0ec6980,ACCA Careers,acca,,FALSE
276ea0c188648414dbfc0181b39eb19c,Referral Board,referral board,,FALSE
d85362faae75ddbec33d4870191c72e9,Guardian Jobs,guardian,,FALSE
3165cecfce584c51e706af3e63fe0375,TransPerfect,transperfect,,FALSE
cc0333fa5ada25d1034b31478db8e7af,Vanderlande Industries GmbH,vanderlande industries gmbh,,FALSE
15dccebeb92ad3d74fcc3f09ea37561c,CES - MATLAB in the Middle East,ces matlab in middle east,,FALSE
3a66c70df93edf4cb33be4afa8c7af58,Axpo Holding AG,axpo holding ag,,FALSE
e905f8a70b9ebb1439b2868f3dbf8884,American Academy,american academy,,FALSE
73f37d5607bbec8963eef6bbf8b5f910,To Power Flow Company,to power flow,,FALSE
837e7cecfff02a2352a744854021cd78,Dewan Consultants,dewan consultants,,TRUE
2f1d0abe70f769f3bb43cfbc04b11033,Ananinja,ananinja,,FALSE
1727ed3e158e9e3fd0906169f1402c59,Mondelez International,mondelez international,,FALSE
138b89128f80914dfe3e632f33aef7c2,Abdul Latif Jameel,abdul latif jameel,,FALSE
14a1140bc93f53f3c3248d51bf5e157c,Infobip,infobip,,FALSE
11c7476d2897cbfa25b29ac95f94a9c9,Al Naseem,al naseem,,FALSE
197002c408a605b3c31ee6f83564a557,Osooltree,osooltree,,FALSE
3019808f7ed273a831aa83396b14096a,Jeddah Central Development Company,jeddah central development,,FALSE
e77627b7dfb9713d0119d884ac49f56c,DXC Technology,dxc technology,,FALSE
48fd1f033920ec28129a445e7193dc5c,Navartis,navartis,,FALSE
ed7c35be7c7f9e7853a9a0d713b31d5d,Areeb,areeb,,FALSE
654e971cde47de4b5ffb2779cdacf881,Jingdong International Middle East FZE,jingdong international middle east fze,,FALSE
8c464f1f773bc1c129cf501a0d357591,Re Lytics HR,re lytics hr,,FALSE
70a88716d5798f95b69cbeeff20a7bc4,Mazaya Althaminh,mazaya althaminh,,FALSE
74ce2e1a498f2fa27b5542040be774dc,F5,f5,,FALSE
02558a70324e7c4f269c69825450cec8,Alan,alan,,FALSE
da907a1b8f74e6922d93b025eecfb852,Future Group,future,,FALSE
273bc3adf67b0599aeff4013b9b078f9,Petro Rabigh,petro rabigh,,FALSE
6ea625d52fa28814beac5dae1db0a3ed,KPMG,kpmg,,FALSE
ffa1f10ac3b2703d33ac2e7d2006e9e0,Zeeco,zeeco,,FALSE
39f6b874936652baa20b1c6bed6d64c3,Flyper,flyper,,TRUE
5b9bd37ae194bce2d53666bcb9d99b01,jobs finder,finder,,FALSE
5a792cc93c3b0969ce70cfac02cb8c52,Techlabs London,techlabs london,,FALSE
4ab5ad880153b40bbed1497a9ad34f57,Melon Digital Insurance,melon digital insurance,,FALSE
562430176278002fa4f123f2f8a81bd0,Keld,keld,,FALSE
05f351bee96665bf8cd7428cde86e301,Nadir Ali Shah HR Consultants,nadir ali shah hr consultants,,TRUE
0e9a6fd7722cd2073d3332b8e14e5624,Atlas Teachers,atlas teachers,,TRUE
a311dd4dc6c33901f9c3a2ffd33c27dc,Teneo,teneo,,FALSE
2ffe426e8749bd346844b2cbec49983f,SylvCare,sylvcare,,TRUE
bececb254664a46a6de41f5e9fdd6863,Rasan,rasan,,FALSE
b58b4c6d17499c5ff097071e92843a2c,ARK People Solutions,ark people solutions,,FALSE
4594e2fb3276a8455c9a4fa2d84371c2,Tawazon,tawazon,,FALSE
37a66567e73a31f248da69450524bbd6,ARENGY,arengy,,FALSE
e480299c68532cab260e5697e46d118a,Tap Payments,tap payments,,FALSE
ee40a365df521460dfc2eb29930fc82d,Sutherland Global,sutherland global,,FALSE
23c35e25ab363aee613bb2cea674c8d3,CTRD Arabia,ctrd arabia,,FALSE
e389a212c2b3beb2a9a00ad2f13b8c2b,Lenovo,lenovo,,FALSE
177627f91af678a9b03e993f1a91917f,Checkout,checkout,,FALSE
13b08dfbc036ff54192e7227086e824c,Roots Recruitment Services,roots recruitment services,,TRUE
5bf4c16d7fa734c98fb64612a6038542,Immersive Labs,immersive labs,,FALSE
e8ce1e031b9a499d4d90cc426d4a57ac,aljeel Medical,aljeel medical,,FALSE
3a8aa14b09c007603f0c93151120b014,Thales,thales,,FALSE
189bb2693a078e2b29e0895a760ad9a2,Sulzer Chemtech,sulzer chemtech,,FALSE
5177254eade4bf1cf553718e33edb483,Eezee-It,eezee it,,FALSE
6e71cd91f793cc9b085916a985bc8b4f,blocksgroup,blocksgroup,,FALSE
1b4e808afe9f9adeb095337cc1e84bdf,SAFINA Contracting Co.,safina contracting,,FALSE
2bb8d809d871a7c1a392fec36563a8f7,Atoms,atoms,,FALSE
7985b53a7874741ef4fcce7008296425,United Motors,united motors,,FALSE
e329a378fa8d99e3651c24509ea87ac2,Naphora Games Group,naphora games,,FALSE
af877246c3caac29b75e43757f61ae12,Medmart,medmart,,FALSE
7e18bcb01f120a786b52fe6fc2f004b7,United Nations Secretariat,united nations secretariat,,FALSE
38baa26c71f9990fe408232b77327187,Everhires,everhires,,TRUE
ef9774a1264eefb0de562023647263b6,Hospitality Ventures,hospitality ventures,,FALSE
1b9ddd28cdf64e31cff6c5dd352e9b2d,State Street,state street,,FALSE
85f1c4418511b4a94ab0209c9417e011,Finstockevarsity,finstockevarsity,,FALSE
9fbde9c85f8fc045c9369392d610873d,2COMS,2coms,,TRUE
89986a5b6772c222c7154983be06ed23,Production Resource Group,production resource,,FALSE
3311842a74c4736836a29eefbc1ea464,SIG Group,sig,,FALSE
8bc003b68aaff00d1094957c4d0cb118,SupportFinity,supportfinity,,TRUE
9bd1291ed45a268140d53a8a6202977c,Mitsubishi Power Saudi Arabia,mitsubishi power,,FALSE
028947a7872357e0f43ecde9bae03bd8,"CrowdStrike Holdings, Inc.",crowdstrike holdings,,FALSE
3b0643382239e77dd497592f23e8bc23,Cipher7 Business Consulting & Digital Solutions,cipher7 business consulting digital solutions,,FALSE
ef333d01f3c711344679ebf7a9bc7635,WEbook,webook,,FALSE
b023e8a44427e16264744a9467ad1ab2,KitchenPark,kitchenpark,,FALSE
0b553edfc953f355ba5341905bd0faf1,Zimmer Biomet,zimmer biomet,,FALSE
1b34136437b40df27f42d2ab32f92672,Mehad,mehad,,FALSE
18106ad5661561606a61c1c2d78864be,Raffles Europejski Warsaw,raffles europejski warsaw,,FALSE
dd4fe25c469bbb14d99b3868be3ec883,ThoughtWin,thoughtwin,,FALSE
24e12b9dc6c0699ca0e0a212efca6056,FluidAI Medical,fluidai medical,,FALSE
76b86deae58d8e9fdb6b90dd65eab68a,Baas International Group,baas international,,FALSE
9618bf21294abbdb915ddad6833fadf9,Khibraty,khibraty,,TRUE
38291bb85b78311608fe6e5f9720d69a,Asiatic Consultants Manpower Resources,asiatic consultants manpower resources,,TRUE
c81a271eceb3371b123e772ed18764e6,StrongYes,strongyes,,FALSE
1c8d3fafc17603fb33085f8b35ed6262,Smart System SA,smart system sa,,FALSE
5b0ce5ce2da2479253359a16181e752f,NAS Human Resources,nas human resources,,TRUE
0a835c9a7169993dde85eb6be75e552f,AMIT International Group,amit international,,FALSE
f65d6efaf29778f6c359ffbca4f7d26e,Alamoudi Luxury Hospitality Corporation,alamoudi luxury hospitality,,FALSE
4108689cee068d9a9e2bc73ef4f67314,Golden Elite Catering Services - GECS,golden elite catering services gecs,,FALSE
c6ad0c4fd2ecf1c208341f364e965709,BMC,bmc,,FALSE
79496e4230fed2c6092742d1105d3b4a,YO AI Labs,yo ai labs,,TRUE
7d77efedf51b7fb887e9362dcdb62870,RTL2 Fernsehen GmbH & Co. KG,rtl2 fernsehen gmbh kg,,FALSE
5b01d37321440ff2a0cef3726acd79f0,Envision Technologies,envision technologies,,FALSE
6ee539d48a6570764601014c12f2c027,GreenHarvest Industries,greenharvest industries,,FALSE
58667fd6869b95999b2797976d8b2234,Mouawad,mouawad,,FALSE
a621422f57bf7cf0a3b282280505f0e1,"Zakat, Tax and Customs Authority",zakat tax and customs authority,,FALSE
995c256e5a74475fc7863ad151ed024b,Sofitel,sofitel,,FALSE
5915c2aa2807e3175222f802363be10a,Aroma`s Roastery,aroma s roastery,,FALSE
59072986681227d12b5a54e7c0021875,IPS-ENERGY Australia Pacific Pty,ips energy australia pacific pty,,FALSE
f121cbab7420da57755c1aafa0262022,24-MAG,24 mag,,FALSE
edd1f6c713f210328ce76f1a9705313f,PACC Offshore Services Holdings Limited,pacc offshore services holdings,,FALSE
58d014c9433838af75184da80fe53b0c,Carter Knight FZ LLC,carter knight fz,,FALSE
0f2a06682d5a2b494362c43cfe655965,"Accenture Infrastructure and Capital Projects, LLC",accenture infrastructure and capital projects,,FALSE
91d72af663b804e5921c2a18f0dc7938,LPM Restaurant & Bar,lpm restaurant bar,,FALSE
3433bd75cd8595232907f46ffb043f5e,Work Force,work force,,FALSE
c7fe1eb64b48fe63330c10e4a7e979f5,JobCubby,jobcubby,,TRUE
322699d7a0d31ab3211776a63f589845,Qualcomm,qualcomm,,FALSE
47e5b497de2b75ece6e0270fe08409ec,Bank of Jordan,bank of jordan,,FALSE
c8b3cb01710ce6f5b8acc6d1f7d64d3a,Madar,madar,,FALSE
289d0fbd31fafa494db6605bad555eda,Lalamove,lalamove,,FALSE
4de83f42b8a7fdc0a99170301fe41a97,twentysix,twentysix,,FALSE
4045fa5becd21723b89b7a5df768838f,Keden International,keden international,,FALSE
215ddd5e5a8fd31f9978a5cdacada351,Abdullah Faleh Al Dossary Sons Contracting Co. Ltd.,abdullah faleh al dossary sons contracting,,FALSE
7e45077f795f458269ea81508cf8d8c7,Bupa Arabia,bupa arabia,,FALSE
f75512093b39861bc0e4a350a35d3fbf,maden,maden,,FALSE
c7a9eb04293c28c2e4b167e0621819cb,Olayan Saudi Holding Company,olayan saudi holding,,FALSE
ffcec9bf4f74890670988890f62fa8af,LEORON Institute,leoron institute,,FALSE
7af829892409000a07fe74352c597026,Saudi United Fertilizers (Al-Asmida),saudi united fertilizers al asmida,,FALSE
2a33be825fda52c88cbc0aeb2a257e2d,FileCloud,filecloud,,FALSE
b6d41d0f442ce8e0b432691bb98cd1c1,Dewan Aldahab Jewellery Co. LLC,dewan aldahab jewellery,,FALSE
0369fd84ae40424e9d3d5b9507f5ad9e,Aretè & Cocchi Technology,aretè cocchi technology,,FALSE
5f553bf8622b14e3e1c57e80caf4b3cd,APM Monaco,apm monaco,,FALSE
82bbe166cf3ef63a4b636d8669c4ad77,Whetstonez Software company,whetstonez software,,FALSE
056e8d8250d6eeb19fe008283186ed07,Yusuf Bin Ahmed Kanoo,yusuf bin ahmed kanoo,,FALSE
9b98fa20d6efab053a3099d42d16d311,Transmed,transmed,,FALSE
678003e1891fb844b7911300323767db,Gulf Truck Office For Trading Services,gulf truck office for trading services,,FALSE
59fac9c1c7f9c67b9352c3b1c396231d,Hyatt Regency Riyadh-Olaya,hyatt regency riyadh olaya,,FALSE
9c65fc6daa42eca311816c6c230380b7,Marriott,marriott,,FALSE
63d970ec4e2ad200ba465f11ac03c2b4,United Nations Development Programme,united nations development programme,,FALSE
8b17c42c29b7cd0b782641e95d724cb3,Cool Tera Contracting Company,cool tera contracting,,FALSE
11ca2a07a48aad83a6d13dbd74714f1f,ClearGrid,cleargrid,,FALSE
705767973670451af5699e50ed318fe6,SCT Executive Recruitment,sct executive recruitment,,TRUE
5ebece4d5f18d2133f99bd2ae94eba8f,AS+P Albert Speer + Partner,as p albert speer partner,,FALSE
7df7a2f4db7917c18db5becec375e828,UAE Job Alert,uae job alert,,TRUE
d891d8126bdc1b485a0fdf4dba78d364,V2X,v2x,,FALSE
7ceeee287fba66d4b05e3f576d7df12a,"Radisson Blu Hotel & Convention Center, Riyadh Minhal",radisson blu hotel convention center riyadh minhal,,FALSE
5c6d05435604b04448e795cb1bad2da0,Elegaci,elegaci,,FALSE
d325b431ba4975def2c0edd0ea05ddda,Emerson,emerson,,FALSE
0a6f6b714f0d8aebcadf8d89cd6dc4a0,Africa Talent Contours,africa talent contours,,TRUE
1427e98c3764f374ec650475e451c018,Servier,servier,,FALSE
15f2edbdcac0dd9b5685c52e3c90499c,Helf Group,helf,,FALSE
8677af7617dbd74c412a86c8bd8d9c1f,Mercure,mercure,,FALSE
c107aa7041c27439ac6cd03803e0186a,Adilstone Group,adilstone,,FALSE
8a731c19788e8db1a54d723877662c31,Hewlett Packard Enterprise Development LP,hewlett packard enterprise development lp,,FALSE
65e427ced39e7954ca8a33c088618b08,Saudi Networkers Services,saudi networkers services,,TRUE
cf4ba8555a9ec9773d7847e94d7ef23a,Energy Tech Prime Trading LLC,energy tech prime trading,,FALSE
98527e5512a4236f885b735586b3a1de,Team Saudi,team saudi,,FALSE
a4ec7d3459f8ba7e2c302d9fe70e21ee,Informa Group Plc.,informa,,FALSE
cc1488e219b3337f43d0cae1e9b5d934,Extreme Networks,extreme networks,,FALSE
be39753c8d66b05304d542d151e32e04,"Noventiq India, Ltd.",noventiq india,,FALSE
618e4524b48e17dc00ec7e977f0e9120,HCP Automotive,hcp automotive,,FALSE
4827eb19834f40b46afc1265c0dbbb3b,3C Metal,3c metal,,FALSE
0cf66e289956106f83e2d0e4db0ea128,Swissôtel,swissôtel,,FALSE
b0ab29683ff2d4b261fe8eeeac103de2,Joseph Gallagher Limited,joseph gallagher,,FALSE
0df05ea7fc682268d04b58a2315087ec,Faena The Red Sea,faena red sea,,FALSE
6620a203707b664d7b63b2efa1f819dc,Kimpton Hotels & Restaurants,kimpton hotels restaurants,,FALSE
8d93d6bad1571f4baac53ac813a7fb57,Moomoo,moomoo,,FALSE
1ba8d2f4aa138dafc9c20671356b47f4,Solution Leaders Fayez Engineering,solution leaders fayez engineering,,FALSE
33d77785252c29f747ed42abc949fc69,Water Technologies,water technologies,,FALSE
f751d77c11ae82dc1bd86ae89f9b6693,Algo App Digital,algo app digital,,FALSE
ad48236a922bd29b44e79c1cfae6d066,Nakhla,nakhla,,FALSE
37b6177143a7fab25158b4db5375be08,Aquarabia Qiddiya City,aquarabia qiddiya city,,FALSE
b4e2ee3fab5ef94c1192f41a020b8907,"McDonald's Saudi Arabia Central, Eastern, & Northern Regions",mcdonald s central eastern northern regions,,FALSE
328fac00456db7417b870688cd3a7a59,Hamat,hamat,,FALSE
4a5fdd28b2843a03eea8f1fcfa9f96e2,Recruitis,recruitis,,TRUE
406b66d8809306aa9176c69db2604fd5,Aloha Consulting Group,aloha consulting,,FALSE
ce2e1d80d97e619d1b29861c2346e8af,Axiom Technologies,axiom technologies,,FALSE
cbdd4ba894c252e19c7558e39a17baa0,madinans,madinans,,FALSE
64bc9b7e5cb757140d91ff33e57c0f73,Tawantech,tawantech,Financial Services,FALSE
78207a4c95591bbd170b0e6bbf3b8157,Fortinet,fortinet,,FALSE
f7be4454445dfeada6fedd790f28cc30,Gulfaar Group,gulfaar,,FALSE
9afa15e0cdad1128a5b06a6085a19cb5,Shabakkat,shabakkat,,FALSE
69586efa7ed50bd52ee348f434822ea5,Jeddah International School,jeddah international school,,FALSE
6abcd8c76ace8b0036ed91194d448fc8,Johns Hopkins Aramco Healthcare,johns hopkins aramco healthcare,,FALSE
63ad9d34f3503826e5f649ae6b7ac92c,SYNC,sync,,FALSE
9e402fa42d0b71b6c3fdaebb3f158301,tsmg,tsmg,,FALSE
c94efac3844c18c51b9495094c3eb3fb,TASC Outsourcing,tasc outsourcing,,TRUE
ac969326a008990c859f89b5daff305a,Diversey,diversey,,FALSE
f01717dd7a00f8c70a26663066af51fb,Pronto,pronto,,FALSE
ddacf9c009a8b583c16eedde6e1ad970,Radisson Hotel Group,radisson hotel,,FALSE
ed37541db37ed2d6734dc1bf9cf7de8e,Azizia Panda United Inc.,azizia panda united,,FALSE
7bdfeefbc1920b6fad8e5c9e147d8017,UNIMAC - United Maintenance and Contracting Company,unimac united maintenance and contracting,,FALSE
b14c85786a01d4d1f464110a65295867,Gulf Horizon Telecom Establishment,gulf horizon telecom,,FALSE
2bbc6688156771056147d6495fd0c668,Conclouds,conclouds,,FALSE
aaa3e5e3d639785000c6efb525f9b98b,Bray Controls,bray controls,,FALSE
3a5f1bb498d382de7dca2c95d834d3b9,Jing Hau,jing hau,,TRUE
699da0176defde6d9d3a665fd1173ac1,Ramz Consultancy,ramz consultancy,,TRUE
768080b16f1a9a854ef16c15a4cd9fea,Knauf Aquapanel,knauf aquapanel,,FALSE
430a4200e0c68f338eeceb4cfb1fcd90,Ericsson,ericsson,,FALSE
e9f5a517244854ebfb4179a6a1579bfc,Ajeer,ajeer,,FALSE
5f75e58ab20e946c61279571b575a747,Philips,philips,,FALSE
983d5ddbc51e5c83a1be4e4c037c691f,Exequt,exequt,,FALSE
3b0a306e2300b7b87a735921a27fc8e0,RNS Technology Services,rns technology services,,FALSE
73efe5bd5493344c33aeac8bca1cd43e,Electron Trading Company,electron trading,,FALSE
586f71c626e7e3516b6102f6f70b7057,Kerten Hospitality,kerten hospitality,,FALSE
8fcb551e2409e0b89969a3435353adf3,EjadTech,ejadtech,,FALSE
e1671797c52e15f763380b45e841ec32,e-Careers Limited,e,,FALSE
a46cd42c7f1d05cb460cb9572b4eba53,KAPSARC,kapsarc,,FALSE
cf02860b6e16ef881f6756302fe4a6dc,NES Fircroft,nes fircroft,,TRUE
bc46c58a82bcdd8f49c1a9ccde904db9,Soudal Group,soudal,,FALSE
f0cf6a430487c674267f33523e30333e,Environment Fund,environment fund,,FALSE
0087c54e95208dc7925e7f4ae09b36f3,MasterFix Solutions,masterfix solutions,,FALSE
1a4363c0f0efaaf0ad2d395a4c188a0a,Centena Group,centena,,FALSE
8e6f683062a302b776f1f1b5a943ad30,Skatch inc.,skatch,,FALSE
2cd2ab9a49fac9e8d1445077a2865f44,EtonHouse International Education Group,etonhouse international education,,FALSE
0cc1cbed165367614e3f49b1af433438,Hitachi,hitachi,,FALSE
c53df19289be54dc6719acd84811d3f8,ClassiFind,classifind,,TRUE
526a017db9742bb94e413d0d67ca8b5c,SmartChoice International,smartchoice international,,TRUE
b36d81818630af3f7414360fb62f169d,ApplyMint,applymint,,TRUE
a5155dc8f88bcdd33b061c3d00f028d4,Balazs,balazs,,FALSE
c9c078f1473283754b3cecf4260e565c,Hiredge Solutions,hiredge solutions,,FALSE
81f24dffdfa50d0990fbc1f4cb8585e4,AkzoNobel Corporate,akzonobel corporate,,FALSE
ca945b5d0ac3ec323a478fc275587859,Signature Staff,signature staff,,TRUE
a878a1322ec6504e4e8e5c4c4aa2bf50,InnovationTeam,innovationteam,,FALSE
565ca5733c554514d1ab2e15d6cf87d6,Eurotech,eurotech,,FALSE
cb3a34290f954a6257b26ce80f6ac265,Mohammed Yousef Naghi Motors Co,mohammed yousef naghi motors,,FALSE
5bffa0f96c6dc49588b964f5746bee2c,Black & Grey HR,black grey hr,,TRUE
2a81d71879facf226bb70780cc415985,Shaffra,shaffra,,FALSE
bfdff54810ca20a63e8db9fa2e15ea4b,Khatib & Alami,khatib alami,,FALSE
0ccb5184cd68f243b7545e3e35e4d5c4,SOLGulf,solgulf,,FALSE
a4c973c341c797fdc2f6a1908f64e972,LanceSoft,lancesoft,,TRUE
ae4215ae3b53f82b24b53264a71390e0,Mozn,mozn,,FALSE
c02a98ff467205e8c3601ebb9786876a,East Magnetite,east magnetite,,FALSE
90ff9c27cccd9efba1b868c0cba2a84d,CSL,csl,,FALSE
27267ff095388efbe0953bd44ce9d605,Zegna,zegna,,FALSE
3b53bf9f547e81f02cb4429b881016fa,Hopper,hopper,,FALSE
867a2b71625ea1444fecdf390b2e50e4,Manar Al Jubail Trading Co. LLC,manar al jubail trading,,FALSE
cfe26a9efb0e689b7a91af66a90791d5,Nash,nash,,FALSE
c3ec6a4629fd5ab46027c0648de4508f,EnergyCare,energycare,,FALSE
5cda39b23c89f11b845e18b6f230bbe4,Ankura,ankura,,FALSE
6cea0ccb45702decf2fff21f9f2d97ce,Alstom,alstom,,FALSE
7a168b23afb2469a61f46ed61892583b,KinFitz & Co.,kinfitz,,FALSE
06e8ac7044098eb5fd68c3ece563a8b3,RIME,rime,,FALSE
fbb45ec16f0fa24c866e33898d46ee4d,Coca-Cola Bottling Company of Saudi Arabia,coca cola bottling of,,FALSE
3b3f51631c39908dea223fe1cc1fef0a,Veeam Software,veeam software,,FALSE
505a34520c496a6534b0cb9947c1388a,AZM Engineering Consultancy,azm engineering consultancy,,FALSE
986de8551f0df8a9c963ce62534b8e89,Bechtel Corporation,bechtel,,FALSE
55b598b2fc5126861d3b1caa323cb95a,Dar Al Omran - Rasem Badran,dar al omran rasem badran,,FALSE
986ba55747f4fbb38c399090079facc9,Galderma,galderma,,FALSE
0861bc57da97fbe3ed2cb9f5c07b6f87,Stratos Asia,stratos asia,,FALSE
4d3b970890ccf2a4edd362af0fd9c3e2,areeb hr,areeb hr,,FALSE
e4b8ed7ef65fb5e991abcfa497837755,Playmirai,playmirai,,FALSE
e8a97f942ef9f787675ed38d2fe50182,Akima,akima,,FALSE
3d6eae852c26b4d030db429df412b243,Aramex,aramex,,FALSE
4fbd036f5a0f9522c5ee606c26018efd,brioche,brioche,,FALSE
4f071c151917a926c79b6399b99bfe7e,TechnipFMC,technipfmc,,FALSE
40a8586611cb7688c097a75be6fe1c43,Actron Global,actron global,,FALSE
f418c78515b4ebe8dea73acfd2c55a4c,VirtualWorks Hub,virtualworks hub,,FALSE
bf7e09886607fea2f31b199746e2cde7,Cognizant,cognizant,,FALSE
92921c480c95034125dbcfc53993de9a,Trip.com,trip com,,FALSE
ace19ffbd4b04e2f96bdaf539a95d969,Four Principles,four principles,,FALSE
146906991705258832def1fbdb9cb7f3,GRC Technologies LLP,grc technologies llp,,FALSE
c73adf3b87657ba4215fde2ff3af4023,Lilt,lilt,,FALSE
ab769af5679cb4323194e72c0f5f0968,Aujan Interiors,aujan interiors,,FALSE
1b0d946b543e5dde6ab9dc450b2a6870,Red Sea Global,red sea global,,FALSE
0d6e63867454e157d4d481561a763999,Cutting Edge Recruitment,cutting edge recruitment,,TRUE
c807d44f82254236ff9ac4cf21c000cb,Knight Frank Group,knight frank,,FALSE
cad689bec7d433486138cf280debd332,Madi International,madi international,,FALSE
5fc685faa53475ba3cdb84bb3cab833f,Optimal,optimal,,FALSE
7dd3a569170f1585686b600ba2473ccc,Naseej,naseej,,FALSE
40e94d6c5e21660fec3d7d8c74f17c87,Helen Ziegler & Associates,helen ziegler associates,,TRUE
22811dd94d65037ef86535740b98dec8,Wood,wood,,FALSE
0e97928c72e07ac6a5e166dfda2928b9,Al Marwan Group,al marwan,,FALSE
8b99cc762c28d2ed7939857f56cd1310,Yas International Gen. Cont. Est.,yas international gen cont,,FALSE
8495001b6c09a74d74103a5ba81145a5,Reams Builders Co.,reams builders,,FALSE
bc12a87a517f2921e3e87335ffa11fee,Besco Arabia Company,besco arabia,,FALSE
b4c34fbe86e4efd388b9161ea04ce059,Magnet Medical,magnet medical,,FALSE
f1f5691fe8a00bbcd7213f891cd180f8,Hamilton Aquatics Swimming Training L.L.C,hamilton aquatics swimming training l l c,,FALSE
c7c1872c979d3d1b8a9452e3cfd4ec36,KHI,khi,,FALSE
c8b392aac1b1478e64c4ec91a2de7892,Jamjoom Pharma,jamjoom pharma,,FALSE
54829f374d34097265a3d26929922b51,Awn Enterprises,awn enterprises,,FALSE
4b187f8dfbfd5a792edb2a2d564b203c,Khyalstudio,khyalstudio,,FALSE
225b2cb2c2214852f8a2342e9d1e31d9,infinityattires,infinityattires,,FALSE
1e4bd9537cd25d4d17f0b0c628f0044d,Pacific ocean for contracting co,pacific ocean for contracting,,FALSE
774fcb67f59b38aecd18c0d8b053f92f,Glan Management Consultancy,glan management consultancy,,TRUE
fa3289de4bb5d0f52003e83f0aa9cf46,Zoomlion Saudi Arabia,zoomlion,,FALSE
58eef294b54847752782276ffad32967,CTG,ctg,,FALSE
3edc5c8bbad970fe9ef5eaefec241300,Consulture Search,consulture search,,TRUE
58f0f5c4fb7b752052c6891deba088b9,Afaq,afaq,,FALSE
3a69045c58dd575ac30544feb97f907c,Proteinea,proteinea,,FALSE
718dbffdc77e81816e23229355c06bc7,Medical Staff Talent,medical staff talent,,TRUE
ec8891cec7d951aef077a21dd6e13740,Quest Oracle Community,quest oracle community,,FALSE
618abe1d75ae023776b0cede8d50266b,Alsalam Aerospace Industries,alsalam aerospace industries,,FALSE
a81fc38b6b55c534547e077a70cdb595,Productive Playhouse,productive playhouse,,FALSE
575bb37e790a3302cba09a0d6d1c5c27,The Saudi Investment Bank (SAIB),saudi investment bank saib,,FALSE
cb51ced87ef1b866f92909f07683c178,DefineX Consulting Inc.,definex consulting,,FALSE
0f52903a303478324f8ffd479d300259,DINGLI,dingli,,FALSE
436a7a32aadb9f35ef9b3cca12392234,Al Jomaih Energy and Water (JENWA),al jomaih energy and water jenwa,,FALSE
c78d335ee8caa88a17260805c1ab6115,Urbandesignlab,urbandesignlab,,FALSE
f4cedb372c869ab9c6bce9e667826f0f,Futu Holdings Limited,futu holdings,,FALSE
67bee2e4c4d6074fbc97d7caeecd8873,Techno Air Gate,techno air gate,,FALSE
f8fb251efbd6a21f9308b8d347f5da9e,Jobskey Consultancy,jobskey consultancy,,TRUE
3d19c39ce3730eb23b186c2521381a57,SIAS,sias,,FALSE
480d76447281504d979ae5885046d1a2,PerfectVision,perfectvision,,FALSE
f8a7b90c1e45bbbfa60736790bd3e859,Colgate,colgate,,FALSE
d9be8dacc34375b56ac0a93a46a014c8,Alpin Limited,alpin,,FALSE
c5e67b9b4e90b1c825332049a865fc94,Zahid Industries,zahid industries,,FALSE
1712099e5d76a3227b162f26cab10659,Hooves Equestrian Club,hooves equestrian club,,FALSE
1c79ee30992ae150cae2980ed66dafd5,Awaredh General Contracting,awaredh general contracting,,FALSE
01a652038ed675de46004b4e98eba6ee,Valleysoft,valleysoft,,FALSE
1fca19963a4ce554d94c15c2d0a3af24,EngRadar,engradar,,FALSE
b6f93129b99b7d2893fbd1294436f404,Steel Force Trading,steel force trading,,FALSE
3a19206edfe40069af45b5685b68e46f,Gandour,gandour,,FALSE
b39b9a298aa2bba71ba05c4d8a68281a,Ll Oefentherapie,ll oefentherapie,,FALSE
67e92c8765a9bc7fb2d335c459de9eb5,work corp,work,,FALSE
2e65fe12a7f1beb5ff0cb50266b6ea93,iHorizons,ihorizons,,FALSE
5fcb3686f6a0befe36ee537d3fddbfb6,WSP,wsp,,FALSE
ba0f9709fc0021528c189c832e8d6848,ESP Engineered,esp engineered,,FALSE
73b87ae2f29ac369805e658c89a320c1,Sika,sika,,FALSE
88f2786370bf6723e5dc3872c5472224,Quant Data & Analytics,quant data analytics,,FALSE
d5057a753cc168ab2754b07bf5968c8c,Allergan,allergan,,FALSE
60a3c7e0040ef3ff9fa56aaff86d42db,Supersub,supersub,,FALSE
9d17bfed0dde194a9f4ea90745b03918,topEngineer,topengineer,,TRUE
6444f1df5c4749a8263db62031a18239,CWT Farms,cwt farms,,FALSE
ff67d7c72e3b231c5067d3e1ff0dfa53,AIQU,aiqu,,FALSE
d4e4d282e50a338931d9fa2685c24d4b,Baker Hughes,baker hughes,,FALSE
47acc2ebea7165b7a3cd7281e22fbbe5,Mourjan,mourjan,,TRUE
1f3d357b3559201fce0b702022ee6c8c,Avanceon,avanceon,,FALSE
5673a173868599060975ac96d77dfb3c,Arenaestadios,arenaestadios,,FALSE
70161606480b1cd1d3667f47c1e7e1bf,SKSP,sksp,,FALSE
ceb20772e0c9d240c75eb26b0e37abee,SALT,salt,,FALSE
fecc5400c230d0e3ee862db9c4faea26,Right Printing Press Est,right printing press,,FALSE
8fb560424628675b2af56a68df29feb1,Aviagen,aviagen,,FALSE
8484cb2ef6af8a910db021e5fd4ff2cd,NDT,ndt,,FALSE
d1cd6e549ab60b728497f73aeeccc9ba,ServiceNow,servicenow,,FALSE
79f90fa3cb1c95755a30f91fff2d39f8,AvePoint,avepoint,,FALSE
5d4650f21bcc119d38fdd812d1296f63,MENA Alliances,mena alliances,,TRUE
ecdfd0acc618afd5d570b2c57b545c16,Vox Solutions,vox solutions,,FALSE
f172a277cadd679b3da6204697cbc0ed,Al Najm Al Saeed Company Limited,al najm al saeed,,FALSE
1c3a5f49f24099faf22a71d63de2d0cb,Agfa,agfa,,FALSE
6f2439db7a0640bc0f0975a9dace3f83,Schlumberger,schlumberger,,FALSE
23ac1f757dbe868b09b43c57b2e9e701,Barns,barns,,FALSE
6b9f3f633db63084a7175978a9ae34eb,XAD Technologies,xad technologies,,FALSE
cd3e478e1fb92aef95961d138529f52c,Hyatt,hyatt,,FALSE
2697f3b8d6e06e3f58e17b0095a88a37,Swisslinx,swisslinx,,TRUE
cb23bb8e9d0a3b1811cdfd306226c259,QatarYello,qataryello,,TRUE
1e367ec9357f3db12c955570a5076298,Enwan Events,enwan events,,FALSE
d5da3f14601def2b3fdf13af11260bb5,Reigate Grammar School Riyadh,reigate grammar school riyadh,,FALSE
1af678608ec4b38b134bbfc0331083ec,Azad Properties,azad properties,,FALSE
a5d502e66f116d4bd040613df88e074b,GRG,grg,,FALSE
d01336806d10e2345ce3557d34e26c8e,Esnad Contracting,esnad contracting,,FALSE
8c319f28d81d1527a9428e9a5c2195f5,Smart,smart,,FALSE
89e0dd63c08841312016b92c554e2496,Petrogen,petrogen,,FALSE
1105f10dc0ca9cc1b0e010ff4506558c,Cummins Arabia,cummins arabia,,FALSE
060f398f33e353ce1144bc1796935373,Zaintech,zaintech,,FALSE
e4727cf4262c499b8fdbbdb391cd658e,Rawasi International Contracting,rawasi international contracting,,FALSE
9edfa74fde077f49154e8dcf97f37cc4,DAALLO Airlines,daallo airlines,,FALSE
1a1408bf2caa5cec4d267910e79c2ac9,Axis Aviation,axis aviation,,FALSE
9d6a122deff26ada334177e81eb60c83,English Path,english path,,FALSE
3ea520ebb23ead90e554787007b54ba0,FAAC Technologies,faac technologies,,FALSE
2ffdb9e28404219dff0fabb0ba7979f2,TGP International,tgp international,,FALSE
a8393402545a199e9a6c124d9773b4cf,Lendo,lendo,,FALSE
f19838ee6906fdc46c53d19fc7a54508,FamilyFirst Qatar,familyfirst qatar,,FALSE
e65c9c9e6a0d5440b84b5d6c63ec2c75,Saipem,saipem,,FALSE
5c997d5bdedcc406e62728e00e245a55,Saudi Aramco Total Refining and Petrochemical Company (SATORP),saudi aramco total refining and petrochemical satorp,,FALSE
7ae8d5d05f4dc77da0e48dfa6d5ff83a,Management Solutions International MSI,management solutions international msi,,FALSE
412614904e7f03cfa1243c7deb6687c2,Rentokil Initial,rentokil initial,,FALSE
646ea72c850081dc761067a3e3961613,Raytheon,raytheon,,FALSE
18a2f0d0fac7440974ddb2c40fd6b7d8,RM Staffing,rm staffing,,TRUE
4fb8172f0f6d6b82718c7d55fc975eb6,Elkho Group,elkho,,FALSE
ca795c3f2dd5fc992a33e6092b084c77,ACWA Power,acwa power,,FALSE
9f44c1faa91c722c0cc96ebd56832018,Advanced Circular Materials Company,advanced circular materials,,FALSE
2ddaacf0ce9ad89368f4447e7b95993a,Saudi Petroleum Services Polytechnic,saudi petroleum services polytechnic,,FALSE
f55c85ad10e467b9ba75dc5606228e91,ewi Recruitment,ewi recruitment,,TRUE
e934459a27b4d57910472e6064b317e6,TELUS Digital,telus digital,,FALSE
3146daef315d50d0c191f679b08daf94,"Syneos Health, Inc.",syneos health,,FALSE
c5dec113dc0eb668105a0a8568772af3,Sener en Ingeniería,sener en ingeniería,,FALSE
8daa6162a7b8a2e2894ebcbbfaa9012b,Etihadtechco,etihadtechco,,FALSE
d919dcb0cf87ec863c4bf203686c7dfd,Edelman,edelman,,FALSE
70c3e6431c0cd8728bff32c775bfe98b,ESM - Events and Sports Management,esm events and sports management,,FALSE
acddcb1547640f3e0fada149bdebb6a6,Al Manar Arabian Contracting Company,al manar arabian contracting,,FALSE
1d4387af4d271e9c948e8c020084789a,ConnexR Solutions Pvt Ltd,connexr solutions pvt,,FALSE
64c5d3bdc9fb73f11165e57b77584120,Cartel HR,cartel hr,,TRUE
ee0b2043561ffb55ce084f1580147b91,Cercli Tech Limited,cercli tech,,FALSE
bd87193fc128c304a7afe4a759ce4eee,Taj HR,taj hr,,TRUE
784742a66a3a0c271feced5b149ff8db,Anton,anton,,FALSE
2fcbff5f9416f04eb81b1b8faa01eeee,Apparel Group,apparel,,FALSE
819c251c0659fd1a7d1ff5c0e537a38d,Hydrawash,hydrawash,,FALSE
858e315dbf7f485f586185bd7659e834,Career Land Center,career land center,,TRUE
0e204e282e8ad62da60b7a23917425b0,Saaki Argus & Averil Consulting,saaki argus averil consulting,,TRUE
ce2e9ff4209875c5b2f8625cb2afbb35,A.P. Møller - Maersk A/S,a p møller maersk a s,,FALSE
1d76cf1d6b0bdb153b5403d4ec571929,Praxis Consultants,praxis consultants,,TRUE
b7b985a8031c57fd64e8b8d49c674a68,FNRCO,fnrco,,TRUE
088c7fa0c4fb0f53ac90197f212ae432,Sohoby,sohoby,,FALSE
fd944e9adfe91682f25257e2cf4028f4,PwC Middle East,pwc middle east,,FALSE
bb251768bca4783ac645d820daf7faea,Project Equity,project equity,,FALSE
a0e348a8c83d588690f30212a3d76780,APCO Aluminum,apco aluminum,,FALSE
fa38e16cce9bdcdfd767f30885140511,Müller's Solutions,müller s solutions,,TRUE
ecc0727e30178ee618a482ad50a9151f,Dar Al-Hekma,dar al hekma,,FALSE
58dfdc118db62248d7c9edf19ff01e10,Hilton,hilton,,FALSE
310f09004629829dafcac0be2ab4a549,Stella stays,stella stays,,FALSE
0a7ff745f392a6cae4b5ba512e931942,JD.com,jd com,,FALSE
15e206b18b28acf2bcf559eed4261e19,Praxis Tech,praxis tech,,FALSE
b43a115beaa35950fd9c3223b6223cf0,SANA for Electrical & Telephone Co.,sana for electrical telephone,,FALSE
f24c24ec6775208049e6bb57b827b927,King Salman Specialized Hospital - Taif,king salman specialized hospital taif,,FALSE
03a183339225ffa36780723af2917e3b,Beyond Limits,beyond limits,,FALSE
f91cdbe5c1c99d708e1ee381cec7f083,Work&Co. Family,work family,,FALSE
6ee350080cb80498cb88e727d077598c,CMA CGM,cma cgm,,FALSE
6cbf68e258a8223509384ed4424ab390,U.S. Renal Care Saudi Arabia,u s renal care,,FALSE
5cc1a143ba7a1c2a28e026c49ee8c6f5,Assystem,assystem,Management Consulting,FALSE
70bcc5780ce65bcf186b2e92f1f8cd3c,Fuku,fuku,Computer Hardware,FALSE
132765407aeb38b7b5febb28e8f3cb2d,EPF,epf,,FALSE
72a386ae8bf72239ee218af1ed59b940,The Arab Lens,arab lens,,FALSE
2be1a2d8b7ff45a67102771f2557e12f,CommScope Inc.,commscope,,FALSE
886a9f9edb12bdd4ac1d58f0283b6855,Boutique Group,boutique,,FALSE
69a16099899b773f02c57b16de2c4ea7,Risk Associates Pvt. Ltd.,risk associates pvt,,FALSE
4a2d160e4d749ce19f5e2a65de667e96,Nabors Industries Limited,nabors industries,,FALSE
12e3eb45126e685c06f293541629874a,Big Fish Consult,big fish consult,,FALSE
36f577145a4da12546f1c6260e09b568,NCR Atleos,ncr atleos,,FALSE
8b2ef1089ed7cade306c7ab1d533f0dd,Aujan Coca-Cola Beverages Company (ACCBC),aujan coca cola beverages accbc,,FALSE
d9d53da8d9efd42e2773201ab6d7b182,Giesecke+Devrient Currency Technology Saudi Arabia,giesecke devrient currency technology,,FALSE
d835b7c3ce7c441345b58edde98a8f1c,Kalsoft,kalsoft,,FALSE
9182f09da3b53164fa0533827f81291c,Rashed Al Rashed & Sons Group,rashed al rashed sons,,FALSE
57e5fba4ce5b4cb9ffd595beb63e7389,IOTA Group,iota,,FALSE
649388e3db1a8435044d80546f0a1559,Mövenpick,mövenpick,,FALSE
ce9a0eec474f000e26597a91a92b93ad,Rosewood Hotel Group,rosewood hotel,,FALSE
f04ba7a3a4054d8ffaffd694a0d4f48b,Jeraisy Computer  and  Comm  Services,jeraisy computer and comm services,,FALSE
3b7383531fba37ff976400055c302a24,PayTech Group,paytech,,FALSE
1224591bd97cdb243d2e603ce488d408,Urban Ridge Supplies,urban ridge supplies,,FALSE
d394aff82f4cdcac614db0ede4ea0828,Alrajhi Group,alrajhi,,FALSE
e4cc02a99febe89dc6548dddff13324e,Abdalihospital,abdalihospital,,FALSE
39eb3a471f81a9bdb2476b82181226ef,CO Consultation,consultation,,FALSE
0ffcd2aafaf92585fef12cb9fd047854,UCC Holding,ucc holding,,FALSE
e3b71cc6052f97d6b11156806ea54039,Gallery Design,gallery design,,FALSE
9e86d2e3a8ab0060954dfa5d58de20be,S&K Technologies,s k technologies,,FALSE
dac722c22498c58b4666af75d7836892,"S&P Global, Inc.",s p global,,FALSE
1c92c64bc3ce8124c47b75cbeaad4469,Soundlines Group,soundlines,,TRUE
956118a742dd807b0dff40e34ba38e4c,Edina Public Schools,edina public schools,,FALSE
485ab4bc5c755123ce2359d223dd9764,Halian,halian,,TRUE
ec16b95179d525d056228115e32fa4e4,Sobi,sobi,,FALSE
07952f195795a66da7f04f9d2123bb6e,GIS and RS Opportunities,gis and rs opportunities,,TRUE
5cc82f8ef292a865c0aea3f474164a3b,Candidzone,candidzone,,TRUE
ef605ea5c62cfca570460e19c56c3985,Nassr Albarakati & Associates Law Firm,nassr albarakati associates law firm,,FALSE
1293998c9ea0de842b6f2ae611250590,Baraya Extended Care,baraya extended care,,FALSE
ae8d149e15beeceaf0e5c4f577561cde,Propel Consult,propel consult,,TRUE
d648d49f15144a86e5b9f5196fc5eefa,OmanYP,omanyp,,TRUE
54341cc4542089e94e0db8c1426dda38,CC Staffing International,cc staffing international,,TRUE
53c1385be7a8d365d8ec5c0deccabd13,ABYAT,abyat,,FALSE
e89b21281acea5b84af58c583426beff,Empowering Energy,empowering energy,,FALSE
2fba4e782b90a66828d93e996b2204ad,HMS Sweden,hms sweden,,FALSE
6f5e6ae15296c52c0254f8346424464a,Intellect,intellect,,FALSE
9d7605d06aee9ce0fd58928faf9bde51,United Distinguished Medical,united distinguished medical,,FALSE
bb3068fcf9f04401241eac3a18699f3b,Asas Training,asas training,,FALSE
ba5e99d571de21ba423f35304c4df6e5,Mogi I/O,mogi i o,,FALSE
16d21d4794ac61ded00516aeb46db25c,Rider Levett Bucknall,rider levett bucknall,,FALSE
df373736a69a6cc7c5d60c6b71875a84,iHR (International Human Resources),ihr international human resources,,FALSE
ea01e5fd8e4d8832825acdd20eac5104,ABB,abb,,FALSE
63bcabf86a9a991864777c631c5b7617,Delta Co.,delta,,FALSE
88a3a83d33d7903ed410d615a890cbd6,"IRISS, Inc.",iriss,,FALSE
ca1e634febad34c0c770bc34a834d488,AZAR,azar,,FALSE
518d5f3401534f5c6c21977f12f60989,Nana,nana,,FALSE
3f39e3cb2f4a838d1a3bdcfa34c8e27f,Grundfos GmbH,grundfos gmbh,,FALSE
21c777e3e6d48d30a014d5ebc2f1689b,Maamor,maamor,,FALSE
62acc8398424fdf25d61b81de110a4e6,MBRF,mbrf,,FALSE
fda8da37eddb2c3f7200ef739d132996,iPS Powerful People,ips powerful people,,TRUE
5a31ffd0422d7f2319df60e7b0fac5d8,Taeyen,taeyen,,TRUE
ddcaeab66011325d529164fd9988812f,Alkhorayef,alkhorayef,,FALSE
5dd9676c4f5562b57ef4ff662814069d,National Security Services Company,national security services,,FALSE
09d8c5bd2c8266c688d70968ccc0d6c6,Alsulaiman Group,alsulaiman,,FALSE
f860e26602c2e3ff77817c77dbe5cec7,Emperor,emperor,,FALSE
192e564de072814bc4604a8456d81a4d,Ansar International Co Ltd.,ansar international,,FALSE
855c41f8636dfc57234217eac6201dbc,Dexcom,dexcom,,FALSE
706186714ae8719dad629565468b38ae,TXM Solutions,txm solutions,,FALSE
aeaea0ec16e3ee7c6df2d4eb88941aa3,Otis,otis,,FALSE
baec6461b0d69dde1b861aefbe375d8a,Icon,icon,,FALSE
f162d19a9a9688bb3fe6172d4ec5bfa9,Wareed Company,wareed,,FALSE
95e04b81a84c16d7c76afec4123341a0,Kone México,kone méxico,,FALSE
365810dc231060ee6478335626bc9e8b,Mumzworld,mumzworld,,FALSE
faf6fe165364d4c0651e68e142f705bd,Tech Junction Ltd,tech junction,,FALSE
ed55e93a034ca066331dfe2c45a39358,Jobcenter,jobcenter,,TRUE
06fbb22bb04aec608ff9bf6ef4eac79e,tawteen,tawteen,,FALSE
e82290c0a2927d3c0058f2c839d7d53c,Surbana Jurong,surbana jurong,,FALSE
3ed9b95e4b6f2c345836def81e570ef1,Zain Group,zain,,FALSE
1f3870be274f6c49b3e31a0c6728957f,Apple,apple,,FALSE
f385077a5eb6816ac2747fa47dc1792f,Enfint,enfint,,FALSE
ef9f6bd1ae08ed9ad459813713d57adb,IOTA SA,iota sa,,FALSE
ea73e360941f081ee3322eaa7ebfd5cd,Wolters Kluwer,wolters kluwer,,FALSE
45f97c1b7c33775ea37f29ce4b50d931,ChampionX,championx,,FALSE
287ca904e66a29bdd9a9282a3395b0b0,Grand Hyatt Al Khobar Hotel And Residences,grand hyatt al khobar hotel and residences,,FALSE
f74437e625b57b0e5e9f11f8eba2bab8,Fresha,fresha,,FALSE
af5de378a767af35216427d3800edc92,Al Rashed Food Company,al rashed food,,FALSE
0645419cef87eb9ad38f00be280a851c,LVMH Group,lvmh,,FALSE
d3bff8450106a52369b8b4dbca7b1b16,Moxa,moxa,,FALSE
b0ee931d4f184dd7fd2a9c8b8a6d8859,Kesarishalya Industries India Pvt. Ltd.,kesarishalya industries india pvt,,FALSE
def6d90e829e50c63f98c387daecd138,ERP,erp,,FALSE
2fe73510725681e910b92a8fbec83bd7,Yallo Retail,yallo retail,,FALSE
7db4e77bbb908aef69baf34d5ef9d340,Armada,armada,,FALSE
6c460c33227d0c4aae6fa56bd47ae6df,Rukham Holding,rukham holding,,FALSE
0a5a3b09268bb6521d8d43ed2a1ead3f,JPMorgan Chase & Co.,jpmorgan chase,,FALSE
843968b9edc01d6caf1ad69b5b16753f,join solutions,join solutions,,FALSE
2feb2c5e98391165cf6f3c20310aac1f,Montblanc,montblanc,,FALSE
4b33407d3d7dafcac3ff8628f1439cf7,Tilal Real-Estate,tilal real estate,,FALSE
ac4a351af953bef42ab7211769982b80,Simera,simera,,FALSE
0269450afa62c05b6e9fe24ea5392625,Saudi Entertainment Ventures (SEVEN),saudi entertainment ventures seven,,FALSE
79991805918320ef626f056f8dd50c2e,Al Shamel Complex,al shamel complex,,FALSE
77f4de0c4db55dec736561ac64c7ea6b,SPICE,spice,,FALSE
be47ba80b5f4dcf0011c239801c5870c,Advansys,advansys,,FALSE
2cb27a5e602dd960e4dc126ff07f8f59,nextsolutions,nextsolutions,,FALSE
76de7e52c43040210a17459de28cf2ec,Wadhaef SA,wadhaef sa,,TRUE
751442e78dba9ade7261aabf5ac084da,Alnafitha IT,alnafitha it,,FALSE
e96a479c49f59f0f9e66875d0d856ab6,Accenture,accenture,,FALSE
4e7f4c7beefb335e47c62f6b16744760,LHR Américas,lhr américas,,FALSE
34dd77add7a4f7ad249fe920ac9aafcd,M Hotel Al Dana Makkah,m hotel al dana makkah,,FALSE
d6452c19fdde9e689dc434cb59075f42,Haleon,haleon,,FALSE
de3de013422252c455fc49bfd4af2121,Lakeora,lakeora,,FALSE
ff8c95a4f614595175e88c187e6ae9f7,Lenskart,lenskart,,FALSE
63faa810bcb6cdcdd30ccae5ac4ef511,Besst Group,besst,,TRUE
abb89bba2673b83234d288a225eee434,Comlux,comlux,,FALSE
3f6ad9a1491c16572732793963136411,Procter & Gamble,procter gamble,,FALSE
255b5d2dc4c8d93c4ac6648ac0799286,Riyad Bank,riyad bank,,FALSE
6f61924695bee393771882cc1e0e3096,Tamara,tamara,,FALSE
10a01c9a33220b21042a6670fc8ba7c8,Air Arabia,air arabia,,FALSE
f004ede407627b620134d044c3e6873e,SHINING 3D,shining 3d,,FALSE
9e1bec9c26fe97c53ed8382b4ae2ae57,Ajax Systems,ajax systems,,FALSE
1b3c13b3726d5ed453e838d85b06ad72,AtkinsRéalis,atkinsréalis,,FALSE
e377ec996865876585ad18ef7bc5fc96,Zahrawi Group,zahrawi,,FALSE
f819d896957be4b03db4bf61a367be6f,SA Zohocorp,sa zohocorp,,FALSE
f5e975aa551d1ae4e91e8ce93b9696b0,Snap,snap,,FALSE
01bc6f8efa4202821e95f4fdf6298b30,CLEAR,clear,,FALSE
ff635fbbc461e41109dde7bf1544e3ce,Lincoln College International,lincoln college international,,FALSE
05a203d85ee01909eaf728dc16f0f6cb,Pfizer,pfizer,,FALSE
82fedac29c1f4d1d8f69d9efa044ab5e,Laotop,laotop,,FALSE
79c23f57dcd05a52637af77d865286e2,Global Project Services AG,global project services ag,,FALSE
d461050ee900eb31721b043ecacbebf6,MABconsult,mabconsult,,FALSE
710133d9a7c08c03cb449427b00dbd50,Mammoet,mammoet,,FALSE
7723885c08e1c7a058e5fa2e2060592a,King Faisal Specialist Hospital & Research Center,king faisal specialist hospital research center,,FALSE
bc7afcb7eef3ccfc1fc6547ed5fcde34,HUDSON,hudson,,FALSE
37b831e43611aef9d42b454aec076cb4,Shangri-La Group,shangri la,,FALSE
62068a75f10cddeac1bbdb4b306dce00,Llotor Arabia LLC,llotor arabia,,FALSE
dca8d1699f580e9b0a924ed4a59dc375,Starhold,starhold,,FALSE
e82f088d9ae798642d4b7741597b5fd1,IDea HR,idea hr,,FALSE
6758e6cbe13774275728e1b1ce814e49,TradesApp,tradesapp,,FALSE
f1269ed0135361ba3829644a512138bc,HRGF,hrgf,,FALSE
df98d265fc651a91faa09d4e82f096cc,Hyundai,hyundai,,FALSE
f63fd156c2b98f0f8eae780f93634bb2,LiuGong Machinery,liugong machinery,,FALSE
7107b1556fb064deb47571f968cb0242,TacoStars,tacostars,,FALSE
5e8485ad1e96908aa402b2118557bb54,Abdullah Saeed Alhunaydi Company Ltd.,abdullah saeed alhunaydi,,FALSE
3a347c2939ec43a4060054df1526348f,Guardian Industries,guardian industries,,FALSE
eea8f7c33dc2f64e72b4f4f9d2b96e1d,Cognition,cognition,,FALSE
9d64e410ac2b65855b076777ff2ee1d1,Ibrahim Bin Jalawi Co.,ibrahim bin jalawi,,FALSE
7de17bc574905ad7960be5927954de16,Insuco,insuco,,FALSE
9013afabe5c7022331b0cb30823d8100,Green Earth,green earth,,FALSE
911043ae80333a56b878eccb313946ee,Hamco Arabia,hamco arabia,,FALSE
092e4940a8065f2d6bdb2840d5ffeaf7,Blue Ocean Academy,blue ocean academy,,FALSE
da9c8c4bc5be0ce1b505496d8a5ef68c,The Saudi National Bank - SNB,saudi national bank snb,,FALSE
d4d868d7cf7d4a27f69a1579e7a40d94,Prattwhitney,prattwhitney,,FALSE
b954e24d531f5d692226865fd20ac161,JTCCS,jtccs,,FALSE
06437a4208b21fbe1c716cc6e31ed744,colada,colada,,FALSE
3dbcb073c6443fe701f6d57bc881eba8,PPL Dynamics,ppl dynamics,,FALSE
4ccf66c9210503d0543aa2d178a28c51,Louis Vuitton,louis vuitton,,FALSE
829aab609277b818bed8ea5e448c445f,Floward,floward,,FALSE
141b1e16817541848dea55b49eb568ee,Nama Arabia,nama arabia,,FALSE
6d94dd731b5d36d743db0eca8d1bd54f,UR Support,ur support,,FALSE
f8a9e23dc3bd474e7bc6f626d47f6abb,Gilead Sciences,gilead sciences,,FALSE
1b2afcf73c4bde6740f24b29ee435f6c,Avensys Consulting,avensys consulting,,TRUE
5a7008ed7a9af24fb2d83c092682a215,FAB Contracting Group,fab contracting,,FALSE
bc13f8743ed61741e79b0ebab4809c65,ValueMentor,valuementor,,FALSE
9c87d02ef14070fea4a2953bfdcee027,10Pearls,10pearls,,FALSE
ac7ef194a58c5342e954b8bc25ec19f1,Highness Development General Cont,highness development general cont,,FALSE
da220470a966eed6e62921b3a358d928,Talent Blueprint,talent blueprint,,TRUE
ee292b2f840c22f7f568e9d7c0b211bd,DataPatrol,datapatrol,,FALSE
9506530729e1bf2e2e7f83a55dde6328,nuasecurity,nuasecurity,,FALSE
d38b537d6ab7e11287252e838f0d3cc3,CoreStruct Solutions,corestruct solutions,,FALSE
806deb5a285e769a9471fa8e73393eab,CLV,clv,,FALSE
088a1815ee85b0d02ec4f0a815d72824,ESL FACEIT GROUP Limited,esl faceit,,FALSE
ffaf15f6d5b02cabc70d6eaa833d7a36,"Hitachi Automotive Systems Americas, Inc.",hitachi automotive systems americas,,FALSE
30c35cfe06bad14ad455c018cda9b561,3i,3i,,FALSE
96bab3b892d3df220057401270ca6f25,Maveninsights,maveninsights,,FALSE
fb59891768280222f6270e1a260c3637,Hunting,hunting,,FALSE
8b685d1eb5f9c8bd38cdbdcab5bcf3ed,SAIC,saic,,FALSE
b9f03d95f63663db40346bbec8f24d54,"UniSeal, Inc.",uniseal,,FALSE
4afe5299af44242f48af1e04ece569f8,Thoughtworks,thoughtworks,,FALSE
c64229421bc13606ed99f79ed88d2345,ASSA ABLOY Sicherheitstechnik GmbH,assa abloy sicherheitstechnik gmbh,,FALSE
8fb49f53a1b3817e53874387a0a593b7,jiyad,jiyad,,FALSE
4baedb3145c4397bc23f201c7219bdeb,ArabyAds,arabyads,,FALSE
caf72594f22046e7546d8d3c76c701f5,Corporate Research and Investigations,corporate research and investigations,,FALSE
f34f1e5c7040cf66ab4cc00721318482,Al Bassam & Co.,al bassam,,FALSE
f58fea09c66fadea45b4f777ebb8aeee,Mina Excellence,mina excellence,,FALSE
03265faca14f06be8156135b57d4ccf9,Enhance,enhance,,FALSE
638736937546c199c8448cfc9418f47e,Gulf Power & Marine,gulf power marine,,FALSE
9f27410725ab8cc8854a2769c7a516b8,Green Group,green,,FALSE
5ed4138187cb92bd35a108d1d1c53d54,Downe House Riyadh,downe house riyadh,,FALSE
e7e6eb993fc20002503f2fcffb877d0e,KAUST,kaust,,FALSE
11d3f7ac04778c69c4d7819569e63270,Autobia,autobia,,FALSE
ac638a13498ffe51c65a6ae0bf7089fd,Dar,dar,,FALSE
e8657856409a0769a558e93c529fbf8e,One Identity,one identity,,FALSE
7fa39628b913b51878fa2cb660a94304,Premium Solutions,premium solutions,,FALSE
acca1f170585e1402138ac6dc80d5fd5,Qureos,qureos,,TRUE
d1580821ca517dac533bf10245a150ef,Next Ventures,next ventures,,FALSE
cb964eac9cd9130bbb86ea002d4748c2,Havelock One,havelock one,,FALSE
21416f759eb400a8342288a89c82849c,Arab Solutions,arab solutions,,FALSE
79e84ac90417bbeffdeff3824f2e94d6,Danfoss,danfoss,,FALSE
4c81c315a15dd0c45537b32257658f9d,Abdulaziz Al Othaim & Sons Holding Company (ASO&SONS),abdulaziz al othaim sons holding aso sons,,FALSE
df9ebc29ffbbc44decb4287c92223113,Starmarkets,starmarkets,,FALSE
580aa460a1feaee1cffb115e8acb24d6,Waafer World,waafer world,,FALSE
c0291ca780509865329f7a8748cf0ba7,ITP Media Group,itp media,,FALSE
492c312d7b7d7676b60cc6342226cb3b,"Lazard, Inc.",lazard,,FALSE
224e026a8d4b2ae928f32ccf5d981923,Rixos,rixos,,FALSE
acf47d3dc5ec6b7518ad0184b72ebb50,ALRwad International Academy,alrwad international academy,,FALSE
564f10260067a9b0c8d8e206ecdb49c6,Kent Plc,kent,,FALSE
b27862005f4e30a31911588fecb381ce,NOV,nov,,FALSE
09c43092b5c65109582edbe1b520f151,ABBA Personnel Services,abba personnel services,,TRUE
76ecfc733b1c0c832f2f43e470902115,BCG X,bcg x,,FALSE
02aa0d4b3bdeca44f96c4c25f7ba2c62,BYD Europe,byd europe,,FALSE
dab6d298a41356ecc2b95fd6cb6e8264,Brainstorm Headhunting Specialist,brainstorm headhunting specialist,,TRUE
d95dee153cbcd14d0e9bddddc5bf331e,"Visible Stars, Inc.",visible stars,,FALSE
666d3a7200f2e9a52dcbd9085ebc1af1,SABIC,sabic,,FALSE
50aeb05a4bbf246fd38dbd7182467620,ADMARK Creative Co.,admark creative,,FALSE
4ac0ed830b91e78b508085af29c8f8a0,Jingdong Logistics,jingdong logistics,,FALSE
5d050bcd7dd3e3a84700da79b6a9b057,Kudu company for food and catering,kudu for food and catering,,FALSE
4c9aae7d6b981cfe4704754600b306e9,SPIE Turbomachinery,spie turbomachinery,,FALSE
7d72232681d114cb688e2e57ce1c8eed,Datamatics Technologies,datamatics technologies,,FALSE
4db2ee5818a35bb75c9612f6caeba3f4,SYSTRA,systra,,FALSE
23e65ec3f55f1fd463c3a9083ab447b6,Alwedad Charity,alwedad charity,,FALSE
3f2e8a31b2cec1f4389ba3758da50c02,JetzHub,jetzhub,,FALSE
f9ef4183e3dc51e0cd2f20fa830b1832,Swiss Hospitality,swiss hospitality,Hospitality,FALSE
77c1152c3db6ba05fb146d3d46430218,Facil International Company for Hotels & Food,facil international for hotels food,Hospitality,FALSE
c68b0a49abcde562b6fd3ed6716a35c4,Bosch Group,bosch,Mechanical Or Industrial Engineering,FALSE
a6f27a5ea57a91f9c222e363c6bdbf30,Lamdax,lamdax,Information Technology and Services,FALSE
3934e87562a1548a129e184338fbe606,Nowlun,nowlun,Logistics and Supply Chain,FALSE
17d2742bf3072899e7595513eeba050f,Tangent International,tangent international,,TRUE
645e1c36507d32f2f6a7fc218371c756,Kafou Energy,kafou energy,,FALSE
ba0d4481c616dfea0395989cd38355d2,Kristina Zanic Consultants,kristina zanic consultants,,FALSE
76a5c9d6b935829177204decf1481193,Robusta,robusta,,FALSE
ebe2dabac7770a0e30106269e9e83ebc,Squadio,squadio,,TRUE
a1d7bf212641d7e608f572f5456dfac3,Faena,faena,,FALSE
22841016e6e7a6f6965743ae3ce08965,thehrgame,thehrgame,,FALSE
ebfbd4ab61b184467c5f6f2dc3be5946,Manar Rass,manar rass,,FALSE
b513f5b57884bf809a538cc34b7c0f41,Saudi Mechanical Industries Co.,saudi mechanical industries,,FALSE
074ab6045e084a64e13e34cc1876c581,Media.Monks,media monks,,FALSE
f3dcd3d168e4c493a26ae1e7373bbadc,KK People,kk people,,FALSE
92440c3c0b34b0e5fc57a1c531da106f,Home Care Association of America,home care association of america,,FALSE
697058bc07e5d2a8d1bb9240cb6bf4d7,Energy Jobline,energy jobline,,TRUE
cf580e9542d0dec857a0681a841f2090,Promedjobs,promedjobs,,TRUE
5ff620a15d17f730352c0493b48bd003,Recode Advertising,recode advertising,,FALSE
423274c08bf7ce6fb4d8d419714aea2d,Oxydata Software,oxydata software,,FALSE
8522a473dfc40e2c1fde4b0a8cb41101,Seerah,seerah,,FALSE
a8bf48cad45230d2e547ea0b42bc073f,Jeel,jeel,,FALSE
cbc40a3e9232b368729a10b970d0df64,Capgemini,capgemini,,FALSE
3b53856883faf02981863ef308761ca6,Al Buraq Holding,al buraq holding,,FALSE
9ad4ae90ba2d9c8c8ed0ae09cd033a57,Tasnee,tasnee,,FALSE
7e54d761623897ec32a2d6ce9438ef74,International Labour Organization,international labour organization,,FALSE
f4ea7c23501c8d51397e1a7f52bf9a27,Bureau Veritas,bureau veritas,,FALSE
8bf52200aff3c5c307353709f6b06cca,Vitamin Well Group,vitamin well,,FALSE
93a7ebe8f6e6a480eb8f17da9766bf2a,UmmahJobs,ummahjobs,,TRUE
5d7241e307e4911efe2c4e6978bc0b61,Franchise Location,franchise location,,FALSE
cd1b7f71870571388c5859f570752f87,Work Place Doctors,work place doctors,,FALSE
fb0ad8de75b2780d57806c5997d63326,DB Financial Services,db financial services,,FALSE
4b372be40f501f4a3c688a1924b83c10,Smart Technology Solutions,smart technology solutions,,FALSE
9ea0fdbd3932b80e44d6452c71fbb77e,Inspirejo,inspirejo,,FALSE
239d95b5e0a30b278c9672af973063cc,Wesco,wesco,,FALSE
8765036f39737523f26db508aa15f561,Smiths Detection,smiths detection,,FALSE
1d087f481d077f8606b39f369574cd77,Atmaal,atmaal,,FALSE
5664905910de7756ed3a793e0b6934b2,ElevenLabs,elevenlabs,,FALSE
ee62235579bdaa2367dbe167207e95e4,Elia Grid International,elia grid international,,FALSE
8fdbc29c0aeb343f75a33774e3804788,Haskoning,haskoning,,FALSE
91a995c24757ae636532ecdc543a3a40,Sulzer,sulzer,,FALSE
56a515fe69f2d4c3eae6be646f39e924,Jeeny,jeeny,,FALSE
77da9ce98d04f7c066108b2f5ee6d64b,Talent Diamond,talent diamond,,TRUE
c93046120f32a571ea34387517ef887c,Ifairworthy,ifairworthy,,FALSE
4e1d8a23122b55f7a7703dfc65496c44,Brau,brau,,FALSE
8c2334a2fde76dbd0a43b7f22e06f78d,Advanced Consultancy Services (ACS),advanced consultancy services acs,,TRUE
3b9572fe2fca65ef31aefbdd84283787,Alturki Holding,alturki holding,,FALSE
6a7f245843454cf4f28ad7c5e2572aa2,Elements,elements,,FALSE
8684bb6c6ea727adf6f221eda51fd9b0,Jobgether,jobgether,,TRUE
8ce16a232db4e9086a115db7d0c1899c,Noon Academy,noon academy,,FALSE
23b670efb79a77d3567c89f526629aa9,Piece of Fabric Trading Company,piece of fabric trading,,FALSE
9178624458b665ac6ca877449c7601de,Facade Today,facade today,,FALSE
e9bec114a2c12615a1873156e20b0527,Red Hat,red hat,,FALSE
9171add7c5659c71da5484ea599e4d58,Yamama Cement,yamama cement,,FALSE
ad3737487fb0b881f1098afa94a7c08e,Americana Foods - National Food Company,americana foods national food,,FALSE
1daf7b34ffcffdb77ecc3f061e191105,Higher Institute for Paper & Industrial Technologies - HIPIT,higher institute for paper industrial technologies hipit,,FALSE
4b5aab651ce97f31edeec159dbce7ecc,Devoteam Alegri GmbH,devoteam alegri gmbh,,FALSE
0938b10f0980e192ef2e8e77caca1338,Rebootmonkey,rebootmonkey,,FALSE
2ac9a7be6d6f0ef2a49cb53593d26044,Parker Connect,parker connect,,FALSE
343b19f6c8dd39b3f43f0fa9b9e8d9db,Boston Scientific,boston scientific,,FALSE
d0ae2d7291a38612946d2abfc60c3b08,Merge Recruitment Agency,merge recruitment agency,,TRUE
f117340caed65fea2d5f617e42cf3198,Onshore Technical,onshore technical,,FALSE
8985c1d64f80ced7c310f668021976ca,ARX,arx,,FALSE
e14cba20ec86ca85c9ec718b29e651c1,Gramian Consulting Group,gramian consulting,,TRUE
1c8491a30d62d3d30f1a8c10ea34b30c,Siemens,siemens,,FALSE
a5cc758b4bf69cb129de3bc4693c554d,European Institute of Policy Research and Human Rights,european institute of policy research and human rights,,FALSE
2f62b5a60f15ace5c1c22375ac6d83d2,Aujas Networks Pvt. Ltd.,aujas networks pvt,,FALSE
25ebad1c8e77a017be1abb8447c9b9dc,"PeakNet, LLC.",peaknet,,FALSE
d2d20b1bfeff89467e63746349e72fe6,Asas Althbat,asas althbat,,FALSE
c056aa7067ffcc432e879b159d5dd658,Lawazen,lawazen,,FALSE
27b104d889be7a9577f6f4e790cc7aae,Al-Wujoud,al wujoud,,FALSE
32abe30bcdfa6f458aa4e30d5624153f,ACOUSTIEG,acoustieg,,FALSE
295545cf992b794d34ebb9833166d04a,Hexagon AB,hexagon ab,,FALSE
4a95d2cf9f1d6c58669f0eeb24ad7e49,Justlife Home Services,justlife home services,,FALSE
a568e4d03c0c04dc1b2f24d6b1a0b18c,Petrolube Oil Company,petrolube oil,,FALSE
fb31b4c83daef3296a258424ae3e1ee2,Al Tamimi,al tamimi,,FALSE
2104bf12bccbd2ad3eda9d6fda9be877,EVA Pharma,eva pharma,,FALSE
67e116b2eed6f19c46c27af8be49a464,Energy and Infrastructure Company,energy and infrastructure,,FALSE
07af7e75676eab410d1f83937d7afb62,Sia,sia,,FALSE
4396f7585f3955884d1479e7ac36cab1,"Johnson Controls Arabia, Inc.",johnson controls arabia,,FALSE
2d565ca79cb4139c3dbcf10093fd884b,Baytak w Maskanak Real Estate,baytak w maskanak real estate,,FALSE
6424532d7e6770f278c68e0a7b2f5cb0,Digital Virgo,digital virgo,,FALSE
f0e88ef257d398baa21d1ff615b09021,Ma'aden,ma aden,,FALSE
46e67609c44b73e6b68deff65401a121,Skydrop,skydrop,,FALSE
3997a8f3a0b830dbd07b6db4fd6e9daa,The Luxury Collection,luxury collection,,FALSE
9a337386498e6ff157fe9f0ed7106362,SANKYU Saudi Arabia,sankyu,,FALSE
7db0849ddbf577d583df822a273138d3,Schneider Electric,schneider electric,,FALSE
653d3a8561ef78019091148648a4d01f,Grid Solution Arabia,grid solution arabia,,FALSE
2adafcd8057330a422656e8bad3ffd92,Estithmar Holding,estithmar holding,,FALSE
473a1db3e15336b869c1d3efd780a42c,Bayut,bayut,,FALSE
09ebba031bba091fe89a8fc204368ac4,Hire Fellows,hire fellows,,TRUE
fca2e5894ff9c934e5b06d5c412b2ca0,Riyad Capital,riyad capital,,FALSE
d90d8aa0dc0d21bc032ddb807147fb2c,VertexGlobal,vertexglobal,,FALSE
c8086dfd18f0144fa3b271fa93c60d7b,VERVE Pakistan,verve pakistan,,FALSE
4874ebd520e2b30287720707f5e60e08,Varel Energy Solutions,varel energy solutions,,FALSE
1784d4b85c4172fddee66c7900404dac,Cerebras,cerebras,,FALSE
6aabdc3494d437d1b5da8ab253adf611,Al Empa Arabia Company,al empa arabia,,FALSE
a58cabaf1ef4daf2162346428404872c,Carrier World,carrier world,,FALSE
1259da135a06199582b8d851414f24e8,Alshaya,alshaya,,FALSE
9d05febf152e225d0be138e34c1c9666,SoftwareOne,softwareone,,FALSE
c5c44433df54a6cfdbfdaebf016c1be1,MAWREF Logistics Solutions,mawref logistics solutions,,FALSE
9d409b75625b18c4fefcf7486f3f2e2a,Elm,elm,,FALSE
800b8f2b4b9f8a890d8b2655811acf96,Imdad,imdad,,FALSE
62002efab9fdcea28fa89a6abb110ca8,General Electric Global Services,general electric global services,,FALSE
1f6ca200ec55f524c96d17deeb4e67b6,Dentsu Aegis Network Ltd.,dentsu aegis network,,FALSE
52da1840dceff8084f6a2825631dc214,Abdulaziz Mohammed Zainalabdeen General Contracting,abdulaziz mohammed zainalabdeen general contracting,,FALSE
5f17b56dc5783a217ee2eea4fd1dad34,Binzagr CO-RO LTD.,binzagr ro,,FALSE
c9f570107cb5126190f73565c511348e,MigrationIT,migrationit,,FALSE
885bcfeb80c220043daadc2f2d90bc10,WinsAbove,winsabove,,FALSE
6997c667cb443b39a36664178e5f5d80,Nathan & Nathan,nathan nathan,,TRUE
5d8de723da27b94f2afa351d322582e5,SYSTRA Design & Build Team,systra design build team,,FALSE
961597a703cbada3bf25b041eb2b42a3,Pulse MENA,pulse mena,,FALSE
4395df825d52f8a2421e9b5b4c0942f6,Nayla Finance,nayla finance,,FALSE
cfcca93b9eb0836947a74e3766aaaaf7,Consulum,consulum,,FALSE
36126f059c1952368618bc5cb66d726e,Top Notch Consultancy,top notch consultancy,,TRUE
fc55f7812ff414608e43bcb822271c4a,EY,ey,,FALSE
4a57407519e7d52fc9ab413dc536825c,Oivan Group Oy,oivan oy,,FALSE
79caa9132c1160b2805f1bc97276fe06,RapidFix Services,rapidfix services,,FALSE
db5b2e1cde7306c66e6a206064c05092,IFS,ifs,,FALSE
3e2559bfe55301655865617fbfee0126,NAPCO National,napco national,,FALSE
dcfcf8c120c1ccede02fc4e16007c3d7,DallahHealth,dallahhealth,,FALSE
b59cf51d515cd7970a4bc6a09181a03e,Almarai,almarai,,FALSE
233a2699c36418d9819783e35d58981a,Betop Inc.,betop,,FALSE
1161406799267c28b623a347b2a4c657,Byte Bridge Inc.,byte bridge,,FALSE
62b2b4b303264f138ba96ea3de80d1cc,Dyana,dyana,,FALSE
f12a2a4092aac34aa05753b1a870cc70,GE Energy Manufacturing Technology Center,ge energy manufacturing technology center,,FALSE
ba268855108fd3eb8355b6dc8805b326,Jingdong Express Holding Middle East Limited,jingdong express holding middle east,,FALSE
8c7f69400162033743692a155810be2c,SGS,sgs,,FALSE
7ac9f7522062562ba2a26f56211b2902,Spa Staff,spa staff,,TRUE
7212ca7e1ba41d73b5eefe5f9f028bc0,Velocity Gulf,velocity gulf,,FALSE
81909dd382cc4988f8ab9fcd2cfbb172,Intelmatix,intelmatix,,FALSE
deaec8d89f96a55238c5ce429fb44a12,Konecranes,konecranes,,FALSE
93f7b013776f4e3d9ad7e8716b266a69,Master Works,master works,,FALSE
ebb2ae3ba8cf7f07f887d7d5fcceea48,Ejobsboard,ejobsboard,,TRUE
51aaf3fb0f5cda535a95aadc05884da8,Coordinating Council of Domestic Hajj Service Companies,coordinating council of domestic hajj service companies,,FALSE
4ecbc9deb56a0621ad2d1f1c897bcaf3,Life Lover,life lover,,FALSE
65a202f3e86ee0d2a9d321c795a14d25,Técnicas Reunidas,técnicas reunidas,,FALSE
973a67f5f9e09f256b69b0a561b6c5b9,LocalEyes,localeyes,,FALSE
803bea8c60dd82fdf33dffc6d2e8e76b,Ladgov Corporation,ladgov,,FALSE
0a8f011ab648ee5d0b259faa0f5082c0,Jobenvo,jobenvo,,TRUE
dd585ec0b1794b7c979cbc5d3a4784ae,ConFlip,conflip,,TRUE
08618bb89a0f8314bb891cd0c4d1a716,Antal International,antal international,,TRUE
f97b98f9c7b3611a0249c2144b07e200,Worley,worley,,FALSE
369d3fe92a3cdf0c52a434b6c4e0ef60,Dia Pro,dia pro,,FALSE
1a0b6b037c7e3f01f75edb07aa7e33c0,Peergrowth Consultancy,peergrowth consultancy,,TRUE
d63a75097ff13cbe12743cf48f60946f,work in usa,work in usa,,FALSE
4119b94c249a4782f2229af1c29055bd,Tkxel,tkxel,,FALSE
1d49edaa72fde15e1fe8356f2a9312f4,Burjline Builders,burjline builders,,FALSE
114003309f01170e475235478a7ff5a6,Sal-la,sal la,,FALSE
5e8a02b0df27212cc0f6c551e5690b3b,Career Maker,career maker,,TRUE
0d481b23f6d139ec2e8595fc4eede1e6,Sharaf DG,sharaf dg,,FALSE
19c0385f4dc1e95233671faa0e10d550,TAQA,taqa,,FALSE
659767f44ca539bfb7610c8808af4c66,Interim Innovation Co Ltd,interim innovation,,FALSE
bca44dd9c285f5529b9c829960dad464,RecruitMe Plus,recruitme plus,,TRUE
08bbe1a22d2c5abacaa14cea949556de,Stellar Hunters,stellar hunters,,TRUE
1a0af647af17f0c81d3b45e7ffb02164,Platinum Brothers International Manpower Agency,platinum brothers international manpower agency,,TRUE
38f018950dd34cdb1e4dac258cac3de5,Smiths Group plc,smiths,,FALSE
89fa577970628045dfdb9d12c2124d7e,Al Muzain,al muzain,,FALSE
2d103e2811726f8650de169a4c2b9d6d,"Hexagon Mining, Inc.",hexagon mining,,FALSE
9b663fb86782209529a6c74bb4cc8ca7,Zoomcar,zoomcar,,FALSE
1653efecd385499e1abf0d96b354d589,Tayseer Trading Company,tayseer trading,,FALSE
33bd210d1292347ca85f069e68958ccf,TestHiring,testhiring,,TRUE
6c4654f23799f7e2fc95432d8c5a5078,Jersey Oil and Gas,jersey oil and gas,,FALSE
10add0125acc566f967b0dc607d83d92,Hitachi ABB Power Grids,hitachi abb power grids,,FALSE
81e52042d98fac0f94b60f3381a7ae9b,Duncan & Ross,duncan ross,,TRUE
c0499b73804fb8e571c7de64ebbe70cd,Movandi,movandi,,FALSE
05290bfa958f1ea1f56871a2697712b1,Koch,koch,,FALSE
f622f4e90434c629cb04ca0c2853635f,Covenant Health,covenant health,,FALSE
ddee07e219a58be98efeaec244d450d2,International Schools Group (ISG),international schools isg,,FALSE
5b9f6c0ce0d3658001dc9df0ae7b020b,Al Hayat Investments Co.,al hayat investments,,FALSE
06232d896a97184840a2795f2b0c1972,Abdul Latif Jameel Motors,abdul latif jameel motors,,FALSE
9287e2ff404a151f30a6a3474741a72d,SDC App,sdc app,,FALSE
d4e601e58a1c47bd6da3275e88d4355b,YAX,yax,,FALSE
70bc78876809f4b253248919440fa173,Jadeer,jadeer,,FALSE
113ab55c013e63779da559ff1a4fcfc9,Saiid Kobeisy Fashion House,saiid kobeisy fashion house,,FALSE
16dfba14481ba8b67fd1c1d9e0f32d2a,NetApp,netapp,,FALSE
1f707eea81028934b6408d1062ed57ff,Abdul-Jawad Trading Group,abdul jawad trading,,FALSE
4ba071abd52bccba1f93add2a6c1776f,Union Technical Foundation for Refrigeration and Air Conditioning,union technical foundation for refrigeration and air conditioning,,FALSE
30b88b067baac0e2650c17a701b2740d,Target Engineering Construction Co LLC,target engineering construction,,FALSE
cfadd2dccf2517a90cecddb92fdaf3b9,Ahqsons,ahqsons,,FALSE
17af6b184e2fdd2afdd912d83e0d76e3,Power Saving Systems Co.,power saving systems,,FALSE
493617b0f6c5869263a57039ea3f169f,HungerStation,hungerstation,,FALSE
04ec8849ef861b8362b9567743c7b4e9,Morison Global - Modernity,morison global modernity,,FALSE
c1a8b0d0e505939fc201cc4f0e3d67db,Parcelat,parcelat,,FALSE
afce7de47e9a9efb6da7e8dac2d27e24,Flip Retail,flip retail,,FALSE
58565e58da8dde0ef036b524ba2177ee,Segadty,segadty,,FALSE
90f9d089985c9035ec02068e273ac495,Seddiqi Holding,seddiqi holding,,FALSE
26af2eb0f27b9ec3dae6646046f7f510,DWT Technology,dwt technology,,FALSE
5b203658f1b0da1596db00ba59ee753f,HALA,hala,,FALSE
b9ebf453385d9af182d96b4fa8cf4f3d,Fast Fit,fast fit,,FALSE
7ea12d156bac760046774361de9d1b03,Burson,burson,,FALSE
15cdee57398ba71d861076d38eee91e1,WTW,wtw,,FALSE
0e58cf8ebf821c39fd270ca0f4eb861c,eSense,esense,,FALSE
99ac2ddc8efc425f760663667e215844,Leading Edge,leading edge,,FALSE
2f2006a7811fb7275266f621ca279715,Al Rafgha Rent A Car,al rafgha rent a car,,FALSE
b82b8e6f4b655a0610f018e5211148ed,Dhahran Techno Valley,dhahran techno valley,,FALSE
6f259ae7a1a38b259214d1d915d420f4,AIM IT Services & Manpower Consulting,aim it services manpower consulting,,TRUE
5d4201e8c519a90756710fa41bfd55ef,Imploy,imploy,,TRUE
344b9917b1a1afbfab891d3d9178fe6f,Society of Emergency Medicine PAs  (SEMPA),society of emergency medicine pas sempa,,FALSE
ef755d5d4bf52b0934953c4f6b411177,Fichtner Consulting Engineers LLC Saudi Arabia,fichtner consulting engineers,,FALSE
f8abdf5dfec7d389fdffac542bf519c6,Commonwealth Medical Services,commonwealth medical services,,FALSE
918f750f0d73afa8f08fbb8dd3a8582a,Mizuho,mizuho,,FALSE
0ba9757be11d2fc37849680fd29f4349,Mantiqi,mantiqi,,FALSE
72d8f5d23b7c9450950f2d8d80d4b30d,Sycomp,sycomp,,FALSE
c029670383a926475c51802aae5fcf60,Bonafide,bonafide,,FALSE
f196eaac3b40449bbaf19d873b494128,Tabby,tabby,,FALSE
d5ee6e0e09f552c871a542f0b19378fa,Turner & Townsend,turner townsend,,FALSE
34f2ed39c698dc6e40e1e4abf502ef91,M2R Education,m2r education,,FALSE
468903ffac09760c63dc4ab814ae16d5,Sheba Joy,sheba joy,,FALSE
fa325dfe0f7d9c71d731269d73a43c95,Corpay Corporate,corpay corporate,,FALSE
ac5c7f3aeaaafd176d911c1148f55ec2,Foreground Consultancy,foreground consultancy,,TRUE
3745ba62294149aa8410628555a3601c,Taj Al Falaj Company Ltd,taj al falaj,,FALSE
3c6cb908c47e6d601c5ec6e7bb2d77a0,CodeNinja,codeninja,,FALSE
51552946d5b6a5f7f301dfbdfdb20276,Verainterior,verainterior,,FALSE
f46600e40b79f14fdfb57c0e1f82705e,Unipal,unipal,,FALSE
25eb3cbe2224b657aa43769729e61f01,Plat4mation,plat4mation,,FALSE
3ba8de19772bb667ff1254fcc6b7327b,SWATX,swatx,,FALSE
a3c3fb7429f7086027ebaa8c1f307c94,Meena Health,meena health,,FALSE
b675d9982b98367fc1e945dae2619599,Doist,doist,,FALSE
38a574105a252e8fe190826f6c21381f,Consertus,consertus,,FALSE
